Name,Code,date_recorded,gold_production
Australia,AUS,1681,0
Australia,AUS,1682,0
Australia,AUS,1683,0
Australia,AUS,1684,0
Australia,AUS,1685,0
Australia,AUS,1686,0
Australia,AUS,1687,0
Australia,AUS,1688,0
Australia,AUS,1689,0
Australia,AUS,1690,0
Australia,AUS,1691,0
Australia,AUS,1692,0
Australia,AUS,1693,0
Australia,AUS,1694,0
Australia,AUS,1695,0
Australia,AUS,1696,0
Australia,AUS,1697,0
Australia,AUS,1698,0
Australia,AUS,1699,0
Australia,AUS,1700,0
Australia,AUS,1701,0
Australia,AUS,1702,0
Australia,AUS,1703,0
Australia,AUS,1704,0
Australia,AUS,1705,0
Australia,AUS,1706,0
Australia,AUS,1707,0
Australia,AUS,1708,0
Australia,AUS,1709,0
Australia,AUS,1710,0
Australia,AUS,1711,0
Australia,AUS,1712,0
Australia,AUS,1713,0
Australia,AUS,1714,0
Australia,AUS,1715,0
Australia,AUS,1716,0
Australia,AUS,1717,0
Australia,AUS,1718,0
Australia,AUS,1719,0
Australia,AUS,1720,0
Australia,AUS,1721,0
Australia,AUS,1722,0
Australia,AUS,1723,0
Australia,AUS,1724,0
Australia,AUS,1725,0
Australia,AUS,1726,0
Australia,AUS,1727,0
Australia,AUS,1728,0
Australia,AUS,1729,0
Australia,AUS,1730,0
Australia,AUS,1731,0
Australia,AUS,1732,0
Australia,AUS,1733,0
Australia,AUS,1734,0
Australia,AUS,1735,0
Australia,AUS,1736,0
Australia,AUS,1737,0
Australia,AUS,1738,0
Australia,AUS,1739,0
Australia,AUS,1740,0
Australia,AUS,1741,0
Australia,AUS,1742,0
Australia,AUS,1743,0
Australia,AUS,1744,0
Australia,AUS,1745,0
Australia,AUS,1746,0
Australia,AUS,1747,0
Australia,AUS,1748,0
Australia,AUS,1749,0
Australia,AUS,1750,0
Australia,AUS,1751,0
Australia,AUS,1752,0
Australia,AUS,1753,0
Australia,AUS,1754,0
Australia,AUS,1755,0
Australia,AUS,1756,0
Australia,AUS,1757,0
Australia,AUS,1758,0
Australia,AUS,1759,0
Australia,AUS,1760,0
Australia,AUS,1761,0
Australia,AUS,1762,0
Australia,AUS,1763,0
Australia,AUS,1764,0
Australia,AUS,1765,0
Australia,AUS,1766,0
Australia,AUS,1767,0
Australia,AUS,1768,0
Australia,AUS,1769,0
Australia,AUS,1770,0
Australia,AUS,1771,0
Australia,AUS,1772,0
Australia,AUS,1773,0
Australia,AUS,1774,0
Australia,AUS,1775,0
Australia,AUS,1776,0
Australia,AUS,1777,0
Australia,AUS,1778,0
Australia,AUS,1779,0
Australia,AUS,1780,0
Australia,AUS,1781,0
Australia,AUS,1782,0
Australia,AUS,1783,0
Australia,AUS,1784,0
Australia,AUS,1785,0
Australia,AUS,1786,0
Australia,AUS,1787,0
Australia,AUS,1788,0
Australia,AUS,1789,0
Australia,AUS,1790,0
Australia,AUS,1791,0
Australia,AUS,1792,0
Australia,AUS,1793,0
Australia,AUS,1794,0
Australia,AUS,1795,0
Australia,AUS,1796,0
Australia,AUS,1797,0
Australia,AUS,1798,0
Australia,AUS,1799,0
Australia,AUS,1800,0
Australia,AUS,1801,0
Australia,AUS,1802,0
Australia,AUS,1803,0
Australia,AUS,1804,0
Australia,AUS,1805,0
Australia,AUS,1806,0
Australia,AUS,1807,0
Australia,AUS,1808,0
Australia,AUS,1809,0
Australia,AUS,1810,0
Australia,AUS,1811,0
Australia,AUS,1812,0
Australia,AUS,1813,0
Australia,AUS,1814,0
Australia,AUS,1815,0
Australia,AUS,1816,0
Australia,AUS,1817,0
Australia,AUS,1818,0
Australia,AUS,1819,0
Australia,AUS,1820,0
Australia,AUS,1821,0
Australia,AUS,1822,0
Australia,AUS,1823,0
Australia,AUS,1824,0
Australia,AUS,1825,0
Australia,AUS,1826,0
Australia,AUS,1827,0
Australia,AUS,1828,0
Australia,AUS,1829,0
Australia,AUS,1830,0
Australia,AUS,1831,0
Australia,AUS,1832,0
Australia,AUS,1833,0
Australia,AUS,1834,0
Australia,AUS,1835,0
Australia,AUS,1836,0
Australia,AUS,1837,0
Australia,AUS,1838,0
Australia,AUS,1839,0
Australia,AUS,1840,0
Australia,AUS,1841,0
Australia,AUS,1842,0
Australia,AUS,1843,0
Australia,AUS,1844,0
Australia,AUS,1845,0
Australia,AUS,1846,0
Australia,AUS,1847,0
Australia,AUS,1848,0
Australia,AUS,1849,0
Australia,AUS,1850,0
Australia,AUS,1851,10
Australia,AUS,1852,86
Australia,AUS,1853,93
Australia,AUS,1854,71
Australia,AUS,1855,87
Australia,AUS,1856,94
Australia,AUS,1857,88
Australia,AUS,1858,84
Australia,AUS,1859,78
Australia,AUS,1860,76
Australia,AUS,1861,73
Australia,AUS,1862,69
Australia,AUS,1863,63
Australia,AUS,1864,58
Australia,AUS,1865,57
Australia,AUS,1866,54
Australia,AUS,1867,53
Australia,AUS,1868,61
Australia,AUS,1869,56
Australia,AUS,1870,49
Australia,AUS,1871,54
Australia,AUS,1872,56
Australia,AUS,1873,50
Australia,AUS,1874,50
Australia,AUS,1875,53
Australia,AUS,1876,44
Australia,AUS,1877,37
Australia,AUS,1878,35
Australia,AUS,1879,34
Australia,AUS,1880,37
Australia,AUS,1881,38
Australia,AUS,1882,37
Australia,AUS,1883,34
Australia,AUS,1884,35
Australia,AUS,1885,34
Australia,AUS,1886,32
Australia,AUS,1887,34
Australia,AUS,1888,35
Australia,AUS,1889,43
Australia,AUS,1890,39
Australia,AUS,1891,39
Australia,AUS,1892,43
Australia,AUS,1893,45
Australia,AUS,1894,55
Australia,AUS,1895,56
Australia,AUS,1896,57
Australia,AUS,1897,72
Australia,AUS,1898,85
Australia,AUS,1899,106
Australia,AUS,1900,99
Australia,AUS,1901,103
Australia,AUS,1902,108
Australia,AUS,1903,119
Australia,AUS,1904,117
Australia,AUS,1905,114
Australia,AUS,1906,107
Australia,AUS,1907,99
Australia,AUS,1908,96
Australia,AUS,1909,92
Australia,AUS,1910,85
Australia,AUS,1911,77
Australia,AUS,1912,72
Australia,AUS,1913,69
Australia,AUS,1914,64
Australia,AUS,1915,61
Australia,AUS,1916,52
Australia,AUS,1917,45
Australia,AUS,1918,40
Australia,AUS,1919,33
Australia,AUS,1920,29
Australia,AUS,1921,24
Australia,AUS,1922,23
Australia,AUS,1923,22
Australia,AUS,1924,21
Australia,AUS,1925,17
Australia,AUS,1926,16
Australia,AUS,1927,16
Australia,AUS,1928,14
Australia,AUS,1929,13
Australia,AUS,1930,15
Australia,AUS,1931,19
Australia,AUS,1932,22
Australia,AUS,1933,26
Australia,AUS,1934,28
Australia,AUS,1935,28
Australia,AUS,1936,37
Australia,AUS,1937,43
Australia,AUS,1938,50
Australia,AUS,1939,51
Australia,AUS,1940,51
Australia,AUS,1941,47
Australia,AUS,1942,36
Australia,AUS,1943,23
Australia,AUS,1944,20
Australia,AUS,1945,20
Australia,AUS,1946,26
Australia,AUS,1947,29
Australia,AUS,1948,28
Australia,AUS,1949,28
Australia,AUS,1950,27
Australia,AUS,1951,28
Australia,AUS,1952,31
Australia,AUS,1953,33
Australia,AUS,1954,35
Australia,AUS,1955,33
Australia,AUS,1956,32
Australia,AUS,1957,34
Australia,AUS,1958,34
Australia,AUS,1959,34
Australia,AUS,1960,34
Australia,AUS,1961,34
Australia,AUS,1962,33
Australia,AUS,1963,32
Australia,AUS,1964,30
Australia,AUS,1965,27
Australia,AUS,1966,29
Australia,AUS,1967,25
Australia,AUS,1968,24
Australia,AUS,1969,22
Australia,AUS,1970,19
Australia,AUS,1971,21
Australia,AUS,1972,24
Australia,AUS,1973,17
Australia,AUS,1974,16
Australia,AUS,1975,16
Australia,AUS,1976,16
Australia,AUS,1977,19
Australia,AUS,1978,20
Australia,AUS,1979,20
Australia,AUS,1980,18
Australia,AUS,1981,16
Australia,AUS,1982,22
Australia,AUS,1983,26
Australia,AUS,1984,34
Australia,AUS,1985,49
Australia,AUS,1986,65
Australia,AUS,1987,111
Australia,AUS,1988,129
Australia,AUS,1989,167
Australia,AUS,1990,244
Australia,AUS,1991,234
Australia,AUS,1992,243
Australia,AUS,1993,247
Australia,AUS,1994,255
Australia,AUS,1995,249
Australia,AUS,1996,273
Australia,AUS,1997,299
Australia,AUS,1998,316
Australia,AUS,1999,303
Australia,AUS,2000,299
Australia,AUS,2001,296
Australia,AUS,2002,265
Australia,AUS,2003,278
Australia,AUS,2004,262
Australia,AUS,2005,260
Australia,AUS,2006,250
Australia,AUS,2007,250
Australia,AUS,2008,220
Australia,AUS,2009,220
Australia,AUS,2010,260
Australia,AUS,2011,258
Australia,AUS,2012,253
Australia,AUS,2013,268
Australia,AUS,2014,274
Australia,AUS,2015,278
Canada,CAN,1681,0
Canada,CAN,1682,0
Canada,CAN,1683,0
Canada,CAN,1684,0
Canada,CAN,1685,0
Canada,CAN,1686,0
Canada,CAN,1687,0
Canada,CAN,1688,0
Canada,CAN,1689,0
Canada,CAN,1690,0
Canada,CAN,1691,0
Canada,CAN,1692,0
Canada,CAN,1693,0
Canada,CAN,1694,0
Canada,CAN,1695,0
Canada,CAN,1696,0
Canada,CAN,1697,0
Canada,CAN,1698,0
Canada,CAN,1699,0
Canada,CAN,1700,0
Canada,CAN,1701,0
Canada,CAN,1702,0
Canada,CAN,1703,0
Canada,CAN,1704,0
Canada,CAN,1705,0
Canada,CAN,1706,0
Canada,CAN,1707,0
Canada,CAN,1708,0
Canada,CAN,1709,0
Canada,CAN,1710,0
Canada,CAN,1711,0
Canada,CAN,1712,0
Canada,CAN,1713,0
Canada,CAN,1714,0
Canada,CAN,1715,0
Canada,CAN,1716,0
Canada,CAN,1717,0
Canada,CAN,1718,0
Canada,CAN,1719,0
Canada,CAN,1720,0
Canada,CAN,1721,0
Canada,CAN,1722,0
Canada,CAN,1723,0
Canada,CAN,1724,0
Canada,CAN,1725,0
Canada,CAN,1726,0
Canada,CAN,1727,0
Canada,CAN,1728,0
Canada,CAN,1729,0
Canada,CAN,1730,0
Canada,CAN,1731,0
Canada,CAN,1732,0
Canada,CAN,1733,0
Canada,CAN,1734,0
Canada,CAN,1735,0
Canada,CAN,1736,0
Canada,CAN,1737,0
Canada,CAN,1738,0
Canada,CAN,1739,0
Canada,CAN,1740,0
Canada,CAN,1741,0
Canada,CAN,1742,0
Canada,CAN,1743,0
Canada,CAN,1744,0
Canada,CAN,1745,0
Canada,CAN,1746,0
Canada,CAN,1747,0
Canada,CAN,1748,0
Canada,CAN,1749,0
Canada,CAN,1750,0
Canada,CAN,1751,0
Canada,CAN,1752,0
Canada,CAN,1753,0
Canada,CAN,1754,0
Canada,CAN,1755,0
Canada,CAN,1756,0
Canada,CAN,1757,0
Canada,CAN,1758,0
Canada,CAN,1759,0
Canada,CAN,1760,0
Canada,CAN,1761,0
Canada,CAN,1762,0
Canada,CAN,1763,0
Canada,CAN,1764,0
Canada,CAN,1765,0
Canada,CAN,1766,0
Canada,CAN,1767,0
Canada,CAN,1768,0
Canada,CAN,1769,0
Canada,CAN,1770,0
Canada,CAN,1771,0
Canada,CAN,1772,0
Canada,CAN,1773,0
Canada,CAN,1774,0
Canada,CAN,1775,0
Canada,CAN,1776,0
Canada,CAN,1777,0
Canada,CAN,1778,0
Canada,CAN,1779,0
Canada,CAN,1780,0
Canada,CAN,1781,0
Canada,CAN,1782,0
Canada,CAN,1783,0
Canada,CAN,1784,0
Canada,CAN,1785,0
Canada,CAN,1786,0
Canada,CAN,1787,0
Canada,CAN,1788,0
Canada,CAN,1789,0
Canada,CAN,1790,0
Canada,CAN,1791,0
Canada,CAN,1792,0
Canada,CAN,1793,0
Canada,CAN,1794,0
Canada,CAN,1795,0
Canada,CAN,1796,0
Canada,CAN,1797,0
Canada,CAN,1798,0
Canada,CAN,1799,0
Canada,CAN,1800,0
Canada,CAN,1801,0
Canada,CAN,1802,0
Canada,CAN,1803,0
Canada,CAN,1804,0
Canada,CAN,1805,0
Canada,CAN,1806,0
Canada,CAN,1807,0
Canada,CAN,1808,0
Canada,CAN,1809,0
Canada,CAN,1810,0
Canada,CAN,1811,0
Canada,CAN,1812,0
Canada,CAN,1813,0
Canada,CAN,1814,0
Canada,CAN,1815,0
Canada,CAN,1816,0
Canada,CAN,1817,0
Canada,CAN,1818,0
Canada,CAN,1819,0
Canada,CAN,1820,0
Canada,CAN,1821,0
Canada,CAN,1822,0
Canada,CAN,1823,0
Canada,CAN,1824,0
Canada,CAN,1825,0
Canada,CAN,1826,0
Canada,CAN,1827,0
Canada,CAN,1828,0
Canada,CAN,1829,0
Canada,CAN,1830,0
Canada,CAN,1831,0
Canada,CAN,1832,0
Canada,CAN,1833,0
Canada,CAN,1834,0
Canada,CAN,1835,0
Canada,CAN,1836,0
Canada,CAN,1837,0
Canada,CAN,1838,0
Canada,CAN,1839,0
Canada,CAN,1840,0
Canada,CAN,1841,0
Canada,CAN,1842,0
Canada,CAN,1843,0
Canada,CAN,1844,0
Canada,CAN,1845,0
Canada,CAN,1846,0
Canada,CAN,1847,0
Canada,CAN,1848,0
Canada,CAN,1849,0
Canada,CAN,1850,0
Canada,CAN,1851,0
Canada,CAN,1852,0
Canada,CAN,1853,0
Canada,CAN,1854,0
Canada,CAN,1855,0
Canada,CAN,1856,0
Canada,CAN,1857,0
Canada,CAN,1858,0
Canada,CAN,1859,0
Canada,CAN,1860,0
Canada,CAN,1861,0
Canada,CAN,1862,0
Canada,CAN,1863,0
Canada,CAN,1864,0
Canada,CAN,1865,0
Canada,CAN,1866,0
Canada,CAN,1867,0
Canada,CAN,1868,0
Canada,CAN,1869,0
Canada,CAN,1870,0
Canada,CAN,1871,0
Canada,CAN,1872,0
Canada,CAN,1873,0
Canada,CAN,1874,0
Canada,CAN,1875,0
Canada,CAN,1876,0
Canada,CAN,1877,0
Canada,CAN,1878,0
Canada,CAN,1879,0
Canada,CAN,1880,0
Canada,CAN,1881,0
Canada,CAN,1882,0
Canada,CAN,1883,0
Canada,CAN,1884,0
Canada,CAN,1885,0
Canada,CAN,1886,2
Canada,CAN,1887,2
Canada,CAN,1888,2
Canada,CAN,1889,2
Canada,CAN,1890,2
Canada,CAN,1891,1
Canada,CAN,1892,1
Canada,CAN,1893,2
Canada,CAN,1894,1
Canada,CAN,1895,3
Canada,CAN,1896,4
Canada,CAN,1897,9
Canada,CAN,1898,21
Canada,CAN,1899,32
Canada,CAN,1900,42
Canada,CAN,1901,36
Canada,CAN,1902,32
Canada,CAN,1903,28
Canada,CAN,1904,25
Canada,CAN,1905,22
Canada,CAN,1906,18
Canada,CAN,1907,13
Canada,CAN,1908,15
Canada,CAN,1909,14
Canada,CAN,1910,15
Canada,CAN,1911,15
Canada,CAN,1912,19
Canada,CAN,1913,25
Canada,CAN,1914,24
Canada,CAN,1915,29
Canada,CAN,1916,29
Canada,CAN,1917,23
Canada,CAN,1918,22
Canada,CAN,1919,24
Canada,CAN,1920,24
Canada,CAN,1921,29
Canada,CAN,1922,38
Canada,CAN,1923,38
Canada,CAN,1924,47
Canada,CAN,1925,54
Canada,CAN,1926,55
Canada,CAN,1927,58
Canada,CAN,1928,59
Canada,CAN,1929,60
Canada,CAN,1930,66
Canada,CAN,1931,84
Canada,CAN,1932,95
Canada,CAN,1933,92
Canada,CAN,1934,93
Canada,CAN,1935,102
Canada,CAN,1936,117
Canada,CAN,1937,128
Canada,CAN,1938,148
Canada,CAN,1939,159
Canada,CAN,1940,166
Canada,CAN,1941,167
Canada,CAN,1942,151
Canada,CAN,1943,114
Canada,CAN,1944,91
Canada,CAN,1945,84
Canada,CAN,1946,89
Canada,CAN,1947,96
Canada,CAN,1948,110
Canada,CAN,1949,128
Canada,CAN,1950,138
Canada,CAN,1951,137
Canada,CAN,1952,139
Canada,CAN,1953,127
Canada,CAN,1954,136
Canada,CAN,1955,141
Canada,CAN,1956,136
Canada,CAN,1957,138
Canada,CAN,1958,142
Canada,CAN,1959,140
Canada,CAN,1960,144
Canada,CAN,1961,139
Canada,CAN,1962,130
Canada,CAN,1963,124
Canada,CAN,1964,118
Canada,CAN,1965,112
Canada,CAN,1966,102
Canada,CAN,1967,92
Canada,CAN,1968,84
Canada,CAN,1969,79
Canada,CAN,1970,75
Canada,CAN,1971,69
Canada,CAN,1972,63
Canada,CAN,1973,60
Canada,CAN,1974,52
Canada,CAN,1975,52
Canada,CAN,1976,53
Canada,CAN,1977,54
Canada,CAN,1978,54
Canada,CAN,1979,51
Canada,CAN,1980,51
Canada,CAN,1981,49
Canada,CAN,1982,65
Canada,CAN,1983,74
Canada,CAN,1984,83
Canada,CAN,1985,88
Canada,CAN,1986,103
Canada,CAN,1987,116
Canada,CAN,1988,135
Canada,CAN,1989,159
Canada,CAN,1990,167
Canada,CAN,1991,176
Canada,CAN,1992,157
Canada,CAN,1993,151
Canada,CAN,1994,147
Canada,CAN,1995,151
Canada,CAN,1996,165
Canada,CAN,1997,172
Canada,CAN,1998,165
Canada,CAN,1999,158
Canada,CAN,2000,154
Canada,CAN,2001,159
Canada,CAN,2002,152
Canada,CAN,2003,141
Canada,CAN,2004,130
Canada,CAN,2005,120
Canada,CAN,2006,104
Canada,CAN,2007,102
Canada,CAN,2008,97
Canada,CAN,2009,97
Canada,CAN,2010,103
Canada,CAN,2011,100
Canada,CAN,2012,105
Canada,CAN,2013,124
Canada,CAN,2014,151
Canada,CAN,2015,153
China,CHN,1681,0
China,CHN,1682,0
China,CHN,1683,0
China,CHN,1684,0
China,CHN,1685,0
China,CHN,1686,0
China,CHN,1687,0
China,CHN,1688,0
China,CHN,1689,0
China,CHN,1690,0
China,CHN,1691,0
China,CHN,1692,0
China,CHN,1693,0
China,CHN,1694,0
China,CHN,1695,0
China,CHN,1696,0
China,CHN,1697,0
China,CHN,1698,0
China,CHN,1699,0
China,CHN,1700,0
China,CHN,1701,0
China,CHN,1702,0
China,CHN,1703,0
China,CHN,1704,0
China,CHN,1705,0
China,CHN,1706,0
China,CHN,1707,0
China,CHN,1708,0
China,CHN,1709,0
China,CHN,1710,0
China,CHN,1711,0
China,CHN,1712,0
China,CHN,1713,0
China,CHN,1714,0
China,CHN,1715,0
China,CHN,1716,0
China,CHN,1717,0
China,CHN,1718,0
China,CHN,1719,0
China,CHN,1720,0
China,CHN,1721,0
China,CHN,1722,0
China,CHN,1723,0
China,CHN,1724,0
China,CHN,1725,0
China,CHN,1726,0
China,CHN,1727,0
China,CHN,1728,0
China,CHN,1729,0
China,CHN,1730,0
China,CHN,1731,0
China,CHN,1732,0
China,CHN,1733,0
China,CHN,1734,0
China,CHN,1735,0
China,CHN,1736,0
China,CHN,1737,0
China,CHN,1738,0
China,CHN,1739,0
China,CHN,1740,0
China,CHN,1741,0
China,CHN,1742,0
China,CHN,1743,0
China,CHN,1744,0
China,CHN,1745,0
China,CHN,1746,0
China,CHN,1747,0
China,CHN,1748,0
China,CHN,1749,0
China,CHN,1750,0
China,CHN,1751,0
China,CHN,1752,0
China,CHN,1753,0
China,CHN,1754,0
China,CHN,1755,0
China,CHN,1756,0
China,CHN,1757,0
China,CHN,1758,0
China,CHN,1759,0
China,CHN,1760,0
China,CHN,1761,0
China,CHN,1762,0
China,CHN,1763,0
China,CHN,1764,0
China,CHN,1765,0
China,CHN,1766,0
China,CHN,1767,0
China,CHN,1768,0
China,CHN,1769,0
China,CHN,1770,0
China,CHN,1771,0
China,CHN,1772,0
China,CHN,1773,0
China,CHN,1774,0
China,CHN,1775,0
China,CHN,1776,0
China,CHN,1777,0
China,CHN,1778,0
China,CHN,1779,0
China,CHN,1780,0
China,CHN,1781,0
China,CHN,1782,0
China,CHN,1783,0
China,CHN,1784,0
China,CHN,1785,0
China,CHN,1786,0
China,CHN,1787,0
China,CHN,1788,0
China,CHN,1789,0
China,CHN,1790,0
China,CHN,1791,0
China,CHN,1792,0
China,CHN,1793,0
China,CHN,1794,0
China,CHN,1795,0
China,CHN,1796,0
China,CHN,1797,0
China,CHN,1798,0
China,CHN,1799,0
China,CHN,1800,0
China,CHN,1801,0
China,CHN,1802,0
China,CHN,1803,0
China,CHN,1804,0
China,CHN,1805,0
China,CHN,1806,0
China,CHN,1807,0
China,CHN,1808,0
China,CHN,1809,0
China,CHN,1810,0
China,CHN,1811,0
China,CHN,1812,0
China,CHN,1813,0
China,CHN,1814,0
China,CHN,1815,0
China,CHN,1816,0
China,CHN,1817,0
China,CHN,1818,0
China,CHN,1819,0
China,CHN,1820,0
China,CHN,1821,0
China,CHN,1822,0
China,CHN,1823,0
China,CHN,1824,0
China,CHN,1825,0
China,CHN,1826,0
China,CHN,1827,0
China,CHN,1828,0
China,CHN,1829,0
China,CHN,1830,0
China,CHN,1831,0
China,CHN,1832,0
China,CHN,1833,0
China,CHN,1834,0
China,CHN,1835,0
China,CHN,1836,0
China,CHN,1837,0
China,CHN,1838,0
China,CHN,1839,0
China,CHN,1840,0
China,CHN,1841,0
China,CHN,1842,0
China,CHN,1843,0
China,CHN,1844,0
China,CHN,1845,0
China,CHN,1846,0
China,CHN,1847,0
China,CHN,1848,0
China,CHN,1849,0
China,CHN,1850,0
China,CHN,1851,0
China,CHN,1852,0
China,CHN,1853,0
China,CHN,1854,0
China,CHN,1855,0
China,CHN,1856,0
China,CHN,1857,0
China,CHN,1858,0
China,CHN,1859,0
China,CHN,1860,0
China,CHN,1861,0
China,CHN,1862,0
China,CHN,1863,0
China,CHN,1864,0
China,CHN,1865,0
China,CHN,1866,0
China,CHN,1867,0
China,CHN,1868,0
China,CHN,1869,0
China,CHN,1870,0
China,CHN,1871,0
China,CHN,1872,0
China,CHN,1873,0
China,CHN,1874,0
China,CHN,1875,0
China,CHN,1876,0
China,CHN,1877,0
China,CHN,1878,0
China,CHN,1879,0
China,CHN,1880,0
China,CHN,1881,0
China,CHN,1882,0
China,CHN,1883,0
China,CHN,1884,0
China,CHN,1885,0
China,CHN,1886,0
China,CHN,1887,0
China,CHN,1888,0
China,CHN,1889,0
China,CHN,1890,0
China,CHN,1891,7
China,CHN,1892,12
China,CHN,1893,12
China,CHN,1894,13
China,CHN,1895,7
China,CHN,1896,10
China,CHN,1897,10
China,CHN,1898,10
China,CHN,1899,7
China,CHN,1900,6
China,CHN,1901,5
China,CHN,1902,0
China,CHN,1903,0
China,CHN,1904,0
China,CHN,1905,0
China,CHN,1906,0
China,CHN,1907,0
China,CHN,1908,0
China,CHN,1909,0
China,CHN,1910,6
China,CHN,1911,5
China,CHN,1912,6
China,CHN,1913,5
China,CHN,1914,6
China,CHN,1915,6
China,CHN,1916,5
China,CHN,1917,5
China,CHN,1918,5
China,CHN,1919,5
China,CHN,1920,4
China,CHN,1921,3
China,CHN,1922,3
China,CHN,1923,3
China,CHN,1924,3
China,CHN,1925,3
China,CHN,1926,3
China,CHN,1927,3
China,CHN,1928,0
China,CHN,1929,3
China,CHN,1930,4
China,CHN,1931,5
China,CHN,1932,6
China,CHN,1933,4
China,CHN,1934,4
China,CHN,1935,6
China,CHN,1936,8
China,CHN,1937,9
China,CHN,1938,10
China,CHN,1939,11
China,CHN,1940,11
China,CHN,1941,11
China,CHN,1942,11
China,CHN,1943,3
China,CHN,1944,1
China,CHN,1945,0
China,CHN,1946,0
China,CHN,1947,4
China,CHN,1948,1
China,CHN,1949,1
China,CHN,1950,1
China,CHN,1951,1
China,CHN,1952,1
China,CHN,1953,1
China,CHN,1954,1
China,CHN,1955,1
China,CHN,1956,1
China,CHN,1957,1
China,CHN,1958,1
China,CHN,1959,0
China,CHN,1960,1
China,CHN,1961,1
China,CHN,1962,1
China,CHN,1963,1
China,CHN,1964,1
China,CHN,1965,1
China,CHN,1966,2
China,CHN,1967,2
China,CHN,1968,2
China,CHN,1969,2
China,CHN,1970,2
China,CHN,1971,2
China,CHN,1972,2
China,CHN,1973,2
China,CHN,1974,2
China,CHN,1975,2
China,CHN,1976,3
China,CHN,1977,28
China,CHN,1978,34
China,CHN,1979,40
China,CHN,1980,45
China,CHN,1981,53
China,CHN,1982,56
China,CHN,1983,58
China,CHN,1984,59
China,CHN,1985,59
China,CHN,1986,66
China,CHN,1987,72
China,CHN,1988,78
China,CHN,1989,90
China,CHN,1990,100
China,CHN,1991,120
China,CHN,1992,140
China,CHN,1993,160
China,CHN,1994,160
China,CHN,1995,140
China,CHN,1996,145
China,CHN,1997,175
China,CHN,1998,178
China,CHN,1999,173
China,CHN,2000,180
China,CHN,2001,185
China,CHN,2002,192
China,CHN,2003,205
China,CHN,2004,215
China,CHN,2005,230
China,CHN,2006,250
China,CHN,2007,280
China,CHN,2008,290
China,CHN,2009,320
China,CHN,2010,350
China,CHN,2011,361
China,CHN,2012,403
China,CHN,2013,430
China,CHN,2014,450
China,CHN,2015,450
Egypt,EGY,1681,0
Egypt,EGY,1682,0
Egypt,EGY,1683,0
Egypt,EGY,1684,0
Egypt,EGY,1685,0
Egypt,EGY,1686,0
Egypt,EGY,1687,0
Egypt,EGY,1688,0
Egypt,EGY,1689,0
Egypt,EGY,1690,0
Egypt,EGY,1691,0
Egypt,EGY,1692,0
Egypt,EGY,1693,0
Egypt,EGY,1694,0
Egypt,EGY,1695,0
Egypt,EGY,1696,0
Egypt,EGY,1697,0
Egypt,EGY,1698,0
Egypt,EGY,1699,0
Egypt,EGY,1700,0
Egypt,EGY,1701,0
Egypt,EGY,1702,0
Egypt,EGY,1703,0
Egypt,EGY,1704,0
Egypt,EGY,1705,0
Egypt,EGY,1706,0
Egypt,EGY,1707,0
Egypt,EGY,1708,0
Egypt,EGY,1709,0
Egypt,EGY,1710,0
Egypt,EGY,1711,0
Egypt,EGY,1712,0
Egypt,EGY,1713,0
Egypt,EGY,1714,0
Egypt,EGY,1715,0
Egypt,EGY,1716,0
Egypt,EGY,1717,0
Egypt,EGY,1718,0
Egypt,EGY,1719,0
Egypt,EGY,1720,0
Egypt,EGY,1721,0
Egypt,EGY,1722,0
Egypt,EGY,1723,0
Egypt,EGY,1724,0
Egypt,EGY,1725,0
Egypt,EGY,1726,0
Egypt,EGY,1727,0
Egypt,EGY,1728,0
Egypt,EGY,1729,0
Egypt,EGY,1730,0
Egypt,EGY,1731,0
Egypt,EGY,1732,0
Egypt,EGY,1733,0
Egypt,EGY,1734,0
Egypt,EGY,1735,0
Egypt,EGY,1736,0
Egypt,EGY,1737,0
Egypt,EGY,1738,0
Egypt,EGY,1739,0
Egypt,EGY,1740,0
Egypt,EGY,1741,0
Egypt,EGY,1742,0
Egypt,EGY,1743,0
Egypt,EGY,1744,0
Egypt,EGY,1745,0
Egypt,EGY,1746,0
Egypt,EGY,1747,0
Egypt,EGY,1748,0
Egypt,EGY,1749,0
Egypt,EGY,1750,0
Egypt,EGY,1751,0
Egypt,EGY,1752,0
Egypt,EGY,1753,0
Egypt,EGY,1754,0
Egypt,EGY,1755,0
Egypt,EGY,1756,0
Egypt,EGY,1757,0
Egypt,EGY,1758,0
Egypt,EGY,1759,0
Egypt,EGY,1760,0
Egypt,EGY,1761,0
Egypt,EGY,1762,0
Egypt,EGY,1763,0
Egypt,EGY,1764,0
Egypt,EGY,1765,0
Egypt,EGY,1766,0
Egypt,EGY,1767,0
Egypt,EGY,1768,0
Egypt,EGY,1769,0
Egypt,EGY,1770,0
Egypt,EGY,1771,0
Egypt,EGY,1772,0
Egypt,EGY,1773,0
Egypt,EGY,1774,0
Egypt,EGY,1775,0
Egypt,EGY,1776,0
Egypt,EGY,1777,0
Egypt,EGY,1778,0
Egypt,EGY,1779,0
Egypt,EGY,1780,0
Egypt,EGY,1781,0
Egypt,EGY,1782,0
Egypt,EGY,1783,0
Egypt,EGY,1784,0
Egypt,EGY,1785,0
Egypt,EGY,1786,0
Egypt,EGY,1787,0
Egypt,EGY,1788,0
Egypt,EGY,1789,0
Egypt,EGY,1790,0
Egypt,EGY,1791,0
Egypt,EGY,1792,0
Egypt,EGY,1793,0
Egypt,EGY,1794,0
Egypt,EGY,1795,0
Egypt,EGY,1796,0
Egypt,EGY,1797,0
Egypt,EGY,1798,0
Egypt,EGY,1799,0
Egypt,EGY,1800,0
Egypt,EGY,1801,0
Egypt,EGY,1802,0
Egypt,EGY,1803,0
Egypt,EGY,1804,0
Egypt,EGY,1805,0
Egypt,EGY,1806,0
Egypt,EGY,1807,0
Egypt,EGY,1808,0
Egypt,EGY,1809,0
Egypt,EGY,1810,0
Egypt,EGY,1811,0
Egypt,EGY,1812,0
Egypt,EGY,1813,0
Egypt,EGY,1814,0
Egypt,EGY,1815,0
Egypt,EGY,1816,0
Egypt,EGY,1817,0
Egypt,EGY,1818,0
Egypt,EGY,1819,0
Egypt,EGY,1820,0
Egypt,EGY,1821,0
Egypt,EGY,1822,0
Egypt,EGY,1823,0
Egypt,EGY,1824,0
Egypt,EGY,1825,0
Egypt,EGY,1826,0
Egypt,EGY,1827,0
Egypt,EGY,1828,0
Egypt,EGY,1829,0
Egypt,EGY,1830,0
Egypt,EGY,1831,0
Egypt,EGY,1832,0
Egypt,EGY,1833,0
Egypt,EGY,1834,0
Egypt,EGY,1835,0
Egypt,EGY,1836,0
Egypt,EGY,1837,0
Egypt,EGY,1838,0
Egypt,EGY,1839,0
Egypt,EGY,1840,0
Egypt,EGY,1841,0
Egypt,EGY,1842,0
Egypt,EGY,1843,0
Egypt,EGY,1844,0
Egypt,EGY,1845,0
Egypt,EGY,1846,0
Egypt,EGY,1847,0
Egypt,EGY,1848,0
Egypt,EGY,1849,0
Egypt,EGY,1850,0
Egypt,EGY,1851,0
Egypt,EGY,1852,0
Egypt,EGY,1853,0
Egypt,EGY,1854,0
Egypt,EGY,1855,0
Egypt,EGY,1856,0
Egypt,EGY,1857,0
Egypt,EGY,1858,0
Egypt,EGY,1859,0
Egypt,EGY,1860,0
Egypt,EGY,1861,0
Egypt,EGY,1862,0
Egypt,EGY,1863,0
Egypt,EGY,1864,0
Egypt,EGY,1865,0
Egypt,EGY,1866,0
Egypt,EGY,1867,0
Egypt,EGY,1868,0
Egypt,EGY,1869,0
Egypt,EGY,1870,0
Egypt,EGY,1871,0
Egypt,EGY,1872,0
Egypt,EGY,1873,0
Egypt,EGY,1874,0
Egypt,EGY,1875,0
Egypt,EGY,1876,0
Egypt,EGY,1877,0
Egypt,EGY,1878,0
Egypt,EGY,1879,0
Egypt,EGY,1880,0
Egypt,EGY,1881,0
Egypt,EGY,1882,0
Egypt,EGY,1883,0
Egypt,EGY,1884,0
Egypt,EGY,1885,0
Egypt,EGY,1886,0
Egypt,EGY,1887,0
Egypt,EGY,1888,0
Egypt,EGY,1889,0
Egypt,EGY,1890,0
Egypt,EGY,1891,0
Egypt,EGY,1892,0
Egypt,EGY,1893,0
Egypt,EGY,1894,0
Egypt,EGY,1895,0
Egypt,EGY,1896,0
Egypt,EGY,1897,0
Egypt,EGY,1898,0
Egypt,EGY,1899,0
Egypt,EGY,1900,0
Egypt,EGY,1901,0
Egypt,EGY,1902,0
Egypt,EGY,1903,0
Egypt,EGY,1904,0
Egypt,EGY,1905,0
Egypt,EGY,1906,0
Egypt,EGY,1907,0
Egypt,EGY,1908,0
Egypt,EGY,1909,0
Egypt,EGY,1910,0
Egypt,EGY,1911,0
Egypt,EGY,1912,0
Egypt,EGY,1913,0
Egypt,EGY,1914,0
Egypt,EGY,1915,0
Egypt,EGY,1916,0
Egypt,EGY,1917,0
Egypt,EGY,1918,0
Egypt,EGY,1919,0
Egypt,EGY,1920,0
Egypt,EGY,1921,0
Egypt,EGY,1922,0
Egypt,EGY,1923,0
Egypt,EGY,1924,0
Egypt,EGY,1925,0
Egypt,EGY,1926,0
Egypt,EGY,1927,0
Egypt,EGY,1928,0
Egypt,EGY,1929,0
Egypt,EGY,1930,0
Egypt,EGY,1931,0
Egypt,EGY,1932,0
Egypt,EGY,1933,0
Egypt,EGY,1934,0
Egypt,EGY,1935,0
Egypt,EGY,1936,0
Egypt,EGY,1937,0
Egypt,EGY,1938,0
Egypt,EGY,1939,0
Egypt,EGY,1940,0
Egypt,EGY,1941,0
Egypt,EGY,1942,0
Egypt,EGY,1943,0
Egypt,EGY,1944,0
Egypt,EGY,1945,0
Egypt,EGY,1946,0
Egypt,EGY,1947,0
Egypt,EGY,1948,0
Egypt,EGY,1949,0
Egypt,EGY,1950,0
Egypt,EGY,1951,0
Egypt,EGY,1952,0
Egypt,EGY,1953,0
Egypt,EGY,1954,0
Egypt,EGY,1955,0
Egypt,EGY,1956,0
Egypt,EGY,1957,0
Egypt,EGY,1958,0
Egypt,EGY,1959,0
Egypt,EGY,1960,0
Egypt,EGY,1961,0
Egypt,EGY,1962,0
Egypt,EGY,1963,0
Egypt,EGY,1964,0
Egypt,EGY,1965,0
Egypt,EGY,1966,0
Egypt,EGY,1967,0
Egypt,EGY,1968,0
Egypt,EGY,1969,0
Egypt,EGY,1970,0
Egypt,EGY,1971,0
Egypt,EGY,1972,0
Egypt,EGY,1973,0
Egypt,EGY,1974,0
Egypt,EGY,1975,0
Egypt,EGY,1976,0
Egypt,EGY,1977,0
Egypt,EGY,1978,0
Egypt,EGY,1979,0
Egypt,EGY,1980,0
Egypt,EGY,1981,0
Egypt,EGY,1982,0
Egypt,EGY,1983,0
Egypt,EGY,1984,0
Egypt,EGY,1985,0
Egypt,EGY,1986,0
Egypt,EGY,1987,0
Egypt,EGY,1988,0
Egypt,EGY,1989,0
Egypt,EGY,1990,0
Egypt,EGY,1991,0
Egypt,EGY,1992,0
Egypt,EGY,1993,0
Egypt,EGY,1994,0
Egypt,EGY,1995,0
Egypt,EGY,1996,0
Egypt,EGY,1997,0
Egypt,EGY,1998,0
Egypt,EGY,1999,0
Egypt,EGY,2000,0
Egypt,EGY,2001,0
Egypt,EGY,2002,0
Egypt,EGY,2003,0
Egypt,EGY,2004,0
Egypt,EGY,2005,0
Egypt,EGY,2006,0
Egypt,EGY,2007,0
Egypt,EGY,2008,0
Egypt,EGY,2009,0
Egypt,EGY,2010,5
Egypt,EGY,2011,6
Egypt,EGY,2012,8
Egypt,EGY,2013,11
Egypt,EGY,2014,12
Egypt,EGY,2015,14
India,IND,1681,0
India,IND,1682,0
India,IND,1683,0
India,IND,1684,0
India,IND,1685,0
India,IND,1686,0
India,IND,1687,0
India,IND,1688,0
India,IND,1689,0
India,IND,1690,0
India,IND,1691,0
India,IND,1692,0
India,IND,1693,0
India,IND,1694,0
India,IND,1695,0
India,IND,1696,0
India,IND,1697,0
India,IND,1698,0
India,IND,1699,0
India,IND,1700,0
India,IND,1701,0
India,IND,1702,0
India,IND,1703,0
India,IND,1704,0
India,IND,1705,0
India,IND,1706,0
India,IND,1707,0
India,IND,1708,0
India,IND,1709,0
India,IND,1710,0
India,IND,1711,0
India,IND,1712,0
India,IND,1713,0
India,IND,1714,0
India,IND,1715,0
India,IND,1716,0
India,IND,1717,0
India,IND,1718,0
India,IND,1719,0
India,IND,1720,0
India,IND,1721,0
India,IND,1722,0
India,IND,1723,0
India,IND,1724,0
India,IND,1725,0
India,IND,1726,0
India,IND,1727,0
India,IND,1728,0
India,IND,1729,0
India,IND,1730,0
India,IND,1731,0
India,IND,1732,0
India,IND,1733,0
India,IND,1734,0
India,IND,1735,0
India,IND,1736,0
India,IND,1737,0
India,IND,1738,0
India,IND,1739,0
India,IND,1740,0
India,IND,1741,0
India,IND,1742,0
India,IND,1743,0
India,IND,1744,0
India,IND,1745,0
India,IND,1746,0
India,IND,1747,0
India,IND,1748,0
India,IND,1749,0
India,IND,1750,0
India,IND,1751,0
India,IND,1752,0
India,IND,1753,0
India,IND,1754,0
India,IND,1755,0
India,IND,1756,0
India,IND,1757,0
India,IND,1758,0
India,IND,1759,0
India,IND,1760,0
India,IND,1761,0
India,IND,1762,0
India,IND,1763,0
India,IND,1764,0
India,IND,1765,0
India,IND,1766,0
India,IND,1767,0
India,IND,1768,0
India,IND,1769,0
India,IND,1770,0
India,IND,1771,0
India,IND,1772,0
India,IND,1773,0
India,IND,1774,0
India,IND,1775,0
India,IND,1776,0
India,IND,1777,0
India,IND,1778,0
India,IND,1779,0
India,IND,1780,0
India,IND,1781,0
India,IND,1782,0
India,IND,1783,0
India,IND,1784,0
India,IND,1785,0
India,IND,1786,0
India,IND,1787,0
India,IND,1788,0
India,IND,1789,0
India,IND,1790,0
India,IND,1791,0
India,IND,1792,0
India,IND,1793,0
India,IND,1794,0
India,IND,1795,0
India,IND,1796,0
India,IND,1797,0
India,IND,1798,0
India,IND,1799,0
India,IND,1800,0
India,IND,1801,0
India,IND,1802,0
India,IND,1803,0
India,IND,1804,0
India,IND,1805,0
India,IND,1806,0
India,IND,1807,0
India,IND,1808,0
India,IND,1809,0
India,IND,1810,0
India,IND,1811,0
India,IND,1812,0
India,IND,1813,0
India,IND,1814,0
India,IND,1815,0
India,IND,1816,0
India,IND,1817,0
India,IND,1818,0
India,IND,1819,0
India,IND,1820,0
India,IND,1821,0
India,IND,1822,0
India,IND,1823,0
India,IND,1824,0
India,IND,1825,0
India,IND,1826,0
India,IND,1827,0
India,IND,1828,0
India,IND,1829,0
India,IND,1830,0
India,IND,1831,0
India,IND,1832,0
India,IND,1833,0
India,IND,1834,0
India,IND,1835,0
India,IND,1836,0
India,IND,1837,0
India,IND,1838,0
India,IND,1839,0
India,IND,1840,0
India,IND,1841,0
India,IND,1842,0
India,IND,1843,0
India,IND,1844,0
India,IND,1845,0
India,IND,1846,0
India,IND,1847,0
India,IND,1848,0
India,IND,1849,0
India,IND,1850,0
India,IND,1851,0
India,IND,1852,0
India,IND,1853,0
India,IND,1854,0
India,IND,1855,0
India,IND,1856,0
India,IND,1857,0
India,IND,1858,0
India,IND,1859,0
India,IND,1860,0
India,IND,1861,0
India,IND,1862,0
India,IND,1863,0
India,IND,1864,0
India,IND,1865,0
India,IND,1866,0
India,IND,1867,0
India,IND,1868,0
India,IND,1869,0
India,IND,1870,0
India,IND,1871,0
India,IND,1872,0
India,IND,1873,0
India,IND,1874,0
India,IND,1875,0
India,IND,1876,0
India,IND,1877,0
India,IND,1878,0
India,IND,1879,0
India,IND,1880,0
India,IND,1881,0
India,IND,1882,0
India,IND,1883,0
India,IND,1884,0
India,IND,1885,0
India,IND,1886,1
India,IND,1887,1
India,IND,1888,1
India,IND,1889,2
India,IND,1890,3
India,IND,1891,4
India,IND,1892,5
India,IND,1893,6
India,IND,1894,6
India,IND,1895,7
India,IND,1896,9
India,IND,1897,11
India,IND,1898,12
India,IND,1899,13
India,IND,1900,14
India,IND,1901,14
India,IND,1902,14
India,IND,1903,17
India,IND,1904,18
India,IND,1905,18
India,IND,1906,18
India,IND,1907,16
India,IND,1908,16
India,IND,1909,16
India,IND,1910,16
India,IND,1911,16
India,IND,1912,17
India,IND,1913,18
India,IND,1914,17
India,IND,1915,17
India,IND,1916,17
India,IND,1917,16
India,IND,1918,15
India,IND,1919,14
India,IND,1920,16
India,IND,1921,12
India,IND,1922,14
India,IND,1923,12
India,IND,1924,12
India,IND,1925,12
India,IND,1926,12
India,IND,1927,12
India,IND,1928,12
India,IND,1929,11
India,IND,1930,10
India,IND,1931,10
India,IND,1932,10
India,IND,1933,11
India,IND,1934,10
India,IND,1935,10
India,IND,1936,10
India,IND,1937,10
India,IND,1938,10
India,IND,1939,10
India,IND,1940,9
India,IND,1941,9
India,IND,1942,8
India,IND,1943,8
India,IND,1944,6
India,IND,1945,5
India,IND,1946,4
India,IND,1947,5
India,IND,1948,6
India,IND,1949,5
India,IND,1950,6
India,IND,1951,7
India,IND,1952,8
India,IND,1953,7
India,IND,1954,8
India,IND,1955,7
India,IND,1956,7
India,IND,1957,6
India,IND,1958,5
India,IND,1959,5
India,IND,1960,5
India,IND,1961,5
India,IND,1962,5
India,IND,1963,4
India,IND,1964,5
India,IND,1965,4
India,IND,1966,4
India,IND,1967,3
India,IND,1968,4
India,IND,1969,3
India,IND,1970,3
India,IND,1971,4
India,IND,1972,3
India,IND,1973,3
India,IND,1974,3
India,IND,1975,3
India,IND,1976,3
India,IND,1977,3
India,IND,1978,3
India,IND,1979,3
India,IND,1980,3
India,IND,1981,3
India,IND,1982,2
India,IND,1983,2
India,IND,1984,2
India,IND,1985,2
India,IND,1986,2
India,IND,1987,2
India,IND,1988,2
India,IND,1989,2
India,IND,1990,2
India,IND,1991,2
India,IND,1992,2
India,IND,1993,2
India,IND,1994,2
India,IND,1995,2
India,IND,1996,3
India,IND,1997,3
India,IND,1998,3
India,IND,1999,3
India,IND,2000,3
India,IND,2001,3
India,IND,2002,3
India,IND,2003,4
India,IND,2004,4
India,IND,2005,3
India,IND,2006,2
India,IND,2007,3
India,IND,2008,2
India,IND,2009,2
India,IND,2010,2
India,IND,2011,2
India,IND,2012,2
India,IND,2013,2
India,IND,2014,2
India,IND,2015,1
Indonesia,IDN,1681,0
Indonesia,IDN,1682,0
Indonesia,IDN,1683,0
Indonesia,IDN,1684,0
Indonesia,IDN,1685,0
Indonesia,IDN,1686,0
Indonesia,IDN,1687,0
Indonesia,IDN,1688,0
Indonesia,IDN,1689,0
Indonesia,IDN,1690,0
Indonesia,IDN,1691,0
Indonesia,IDN,1692,0
Indonesia,IDN,1693,0
Indonesia,IDN,1694,0
Indonesia,IDN,1695,0
Indonesia,IDN,1696,0
Indonesia,IDN,1697,0
Indonesia,IDN,1698,0
Indonesia,IDN,1699,0
Indonesia,IDN,1700,0
Indonesia,IDN,1701,0
Indonesia,IDN,1702,0
Indonesia,IDN,1703,0
Indonesia,IDN,1704,0
Indonesia,IDN,1705,0
Indonesia,IDN,1706,0
Indonesia,IDN,1707,0
Indonesia,IDN,1708,0
Indonesia,IDN,1709,0
Indonesia,IDN,1710,0
Indonesia,IDN,1711,0
Indonesia,IDN,1712,0
Indonesia,IDN,1713,0
Indonesia,IDN,1714,0
Indonesia,IDN,1715,0
Indonesia,IDN,1716,0
Indonesia,IDN,1717,0
Indonesia,IDN,1718,0
Indonesia,IDN,1719,0
Indonesia,IDN,1720,0
Indonesia,IDN,1721,0
Indonesia,IDN,1722,0
Indonesia,IDN,1723,0
Indonesia,IDN,1724,0
Indonesia,IDN,1725,0
Indonesia,IDN,1726,0
Indonesia,IDN,1727,0
Indonesia,IDN,1728,0
Indonesia,IDN,1729,0
Indonesia,IDN,1730,0
Indonesia,IDN,1731,0
Indonesia,IDN,1732,0
Indonesia,IDN,1733,0
Indonesia,IDN,1734,0
Indonesia,IDN,1735,0
Indonesia,IDN,1736,0
Indonesia,IDN,1737,0
Indonesia,IDN,1738,0
Indonesia,IDN,1739,0
Indonesia,IDN,1740,0
Indonesia,IDN,1741,0
Indonesia,IDN,1742,0
Indonesia,IDN,1743,0
Indonesia,IDN,1744,0
Indonesia,IDN,1745,0
Indonesia,IDN,1746,0
Indonesia,IDN,1747,0
Indonesia,IDN,1748,0
Indonesia,IDN,1749,0
Indonesia,IDN,1750,0
Indonesia,IDN,1751,0
Indonesia,IDN,1752,0
Indonesia,IDN,1753,0
Indonesia,IDN,1754,0
Indonesia,IDN,1755,0
Indonesia,IDN,1756,0
Indonesia,IDN,1757,0
Indonesia,IDN,1758,0
Indonesia,IDN,1759,0
Indonesia,IDN,1760,0
Indonesia,IDN,1761,0
Indonesia,IDN,1762,0
Indonesia,IDN,1763,0
Indonesia,IDN,1764,0
Indonesia,IDN,1765,0
Indonesia,IDN,1766,0
Indonesia,IDN,1767,0
Indonesia,IDN,1768,0
Indonesia,IDN,1769,0
Indonesia,IDN,1770,0
Indonesia,IDN,1771,0
Indonesia,IDN,1772,0
Indonesia,IDN,1773,0
Indonesia,IDN,1774,0
Indonesia,IDN,1775,0
Indonesia,IDN,1776,0
Indonesia,IDN,1777,0
Indonesia,IDN,1778,0
Indonesia,IDN,1779,0
Indonesia,IDN,1780,0
Indonesia,IDN,1781,0
Indonesia,IDN,1782,0
Indonesia,IDN,1783,0
Indonesia,IDN,1784,0
Indonesia,IDN,1785,0
Indonesia,IDN,1786,0
Indonesia,IDN,1787,0
Indonesia,IDN,1788,0
Indonesia,IDN,1789,0
Indonesia,IDN,1790,0
Indonesia,IDN,1791,0
Indonesia,IDN,1792,0
Indonesia,IDN,1793,0
Indonesia,IDN,1794,0
Indonesia,IDN,1795,0
Indonesia,IDN,1796,0
Indonesia,IDN,1797,0
Indonesia,IDN,1798,0
Indonesia,IDN,1799,0
Indonesia,IDN,1800,0
Indonesia,IDN,1801,0
Indonesia,IDN,1802,0
Indonesia,IDN,1803,0
Indonesia,IDN,1804,0
Indonesia,IDN,1805,0
Indonesia,IDN,1806,0
Indonesia,IDN,1807,0
Indonesia,IDN,1808,0
Indonesia,IDN,1809,0
Indonesia,IDN,1810,0
Indonesia,IDN,1811,0
Indonesia,IDN,1812,0
Indonesia,IDN,1813,0
Indonesia,IDN,1814,0
Indonesia,IDN,1815,0
Indonesia,IDN,1816,0
Indonesia,IDN,1817,0
Indonesia,IDN,1818,0
Indonesia,IDN,1819,0
Indonesia,IDN,1820,0
Indonesia,IDN,1821,0
Indonesia,IDN,1822,0
Indonesia,IDN,1823,0
Indonesia,IDN,1824,0
Indonesia,IDN,1825,0
Indonesia,IDN,1826,0
Indonesia,IDN,1827,0
Indonesia,IDN,1828,0
Indonesia,IDN,1829,0
Indonesia,IDN,1830,0
Indonesia,IDN,1831,0
Indonesia,IDN,1832,0
Indonesia,IDN,1833,0
Indonesia,IDN,1834,0
Indonesia,IDN,1835,0
Indonesia,IDN,1836,0
Indonesia,IDN,1837,0
Indonesia,IDN,1838,0
Indonesia,IDN,1839,0
Indonesia,IDN,1840,0
Indonesia,IDN,1841,0
Indonesia,IDN,1842,0
Indonesia,IDN,1843,0
Indonesia,IDN,1844,0
Indonesia,IDN,1845,0
Indonesia,IDN,1846,0
Indonesia,IDN,1847,0
Indonesia,IDN,1848,0
Indonesia,IDN,1849,0
Indonesia,IDN,1850,0
Indonesia,IDN,1851,0
Indonesia,IDN,1852,0
Indonesia,IDN,1853,0
Indonesia,IDN,1854,0
Indonesia,IDN,1855,0
Indonesia,IDN,1856,0
Indonesia,IDN,1857,0
Indonesia,IDN,1858,0
Indonesia,IDN,1859,0
Indonesia,IDN,1860,0
Indonesia,IDN,1861,0
Indonesia,IDN,1862,0
Indonesia,IDN,1863,0
Indonesia,IDN,1864,0
Indonesia,IDN,1865,0
Indonesia,IDN,1866,0
Indonesia,IDN,1867,0
Indonesia,IDN,1868,0
Indonesia,IDN,1869,0
Indonesia,IDN,1870,0
Indonesia,IDN,1871,0
Indonesia,IDN,1872,0
Indonesia,IDN,1873,0
Indonesia,IDN,1874,0
Indonesia,IDN,1875,0
Indonesia,IDN,1876,0
Indonesia,IDN,1877,0
Indonesia,IDN,1878,0
Indonesia,IDN,1879,0
Indonesia,IDN,1880,0
Indonesia,IDN,1881,0
Indonesia,IDN,1882,0
Indonesia,IDN,1883,0
Indonesia,IDN,1884,0
Indonesia,IDN,1885,0
Indonesia,IDN,1886,0
Indonesia,IDN,1887,0
Indonesia,IDN,1888,0
Indonesia,IDN,1889,0
Indonesia,IDN,1890,0
Indonesia,IDN,1891,0
Indonesia,IDN,1892,0
Indonesia,IDN,1893,0
Indonesia,IDN,1894,0
Indonesia,IDN,1895,0
Indonesia,IDN,1896,0
Indonesia,IDN,1897,0
Indonesia,IDN,1898,0
Indonesia,IDN,1899,0
Indonesia,IDN,1900,0
Indonesia,IDN,1901,1
Indonesia,IDN,1902,0
Indonesia,IDN,1903,0
Indonesia,IDN,1904,0
Indonesia,IDN,1905,0
Indonesia,IDN,1906,0
Indonesia,IDN,1907,0
Indonesia,IDN,1908,0
Indonesia,IDN,1909,0
Indonesia,IDN,1910,0
Indonesia,IDN,1911,5
Indonesia,IDN,1912,5
Indonesia,IDN,1913,4
Indonesia,IDN,1914,4
Indonesia,IDN,1915,4
Indonesia,IDN,1916,4
Indonesia,IDN,1917,4
Indonesia,IDN,1918,4
Indonesia,IDN,1919,3
Indonesia,IDN,1920,3
Indonesia,IDN,1921,3
Indonesia,IDN,1922,3
Indonesia,IDN,1923,3
Indonesia,IDN,1924,4
Indonesia,IDN,1925,4
Indonesia,IDN,1926,4
Indonesia,IDN,1927,4
Indonesia,IDN,1928,4
Indonesia,IDN,1929,3
Indonesia,IDN,1930,3
Indonesia,IDN,1931,3
Indonesia,IDN,1932,2
Indonesia,IDN,1933,3
Indonesia,IDN,1934,2
Indonesia,IDN,1935,2
Indonesia,IDN,1936,2
Indonesia,IDN,1937,2
Indonesia,IDN,1938,2
Indonesia,IDN,1939,3
Indonesia,IDN,1940,3
Indonesia,IDN,1941,3
Indonesia,IDN,1942,2
Indonesia,IDN,1943,1
Indonesia,IDN,1944,1
Indonesia,IDN,1945,1
Indonesia,IDN,1946,1
Indonesia,IDN,1947,1
Indonesia,IDN,1948,1
Indonesia,IDN,1949,0
Indonesia,IDN,1950,0
Indonesia,IDN,1951,0
Indonesia,IDN,1952,0
Indonesia,IDN,1953,0
Indonesia,IDN,1954,0
Indonesia,IDN,1955,0
Indonesia,IDN,1956,0
Indonesia,IDN,1957,0
Indonesia,IDN,1958,0
Indonesia,IDN,1959,0
Indonesia,IDN,1960,0
Indonesia,IDN,1961,0
Indonesia,IDN,1962,0
Indonesia,IDN,1963,0
Indonesia,IDN,1964,0
Indonesia,IDN,1965,0
Indonesia,IDN,1966,0
Indonesia,IDN,1967,0
Indonesia,IDN,1968,0
Indonesia,IDN,1969,0
Indonesia,IDN,1970,0
Indonesia,IDN,1971,0
Indonesia,IDN,1972,0
Indonesia,IDN,1973,0
Indonesia,IDN,1974,0
Indonesia,IDN,1975,0
Indonesia,IDN,1976,0
Indonesia,IDN,1977,0
Indonesia,IDN,1978,0
Indonesia,IDN,1979,0
Indonesia,IDN,1980,0
Indonesia,IDN,1981,0
Indonesia,IDN,1982,2
Indonesia,IDN,1983,2
Indonesia,IDN,1984,2
Indonesia,IDN,1985,3
Indonesia,IDN,1986,3
Indonesia,IDN,1987,4
Indonesia,IDN,1988,5
Indonesia,IDN,1989,5
Indonesia,IDN,1990,11
Indonesia,IDN,1991,11
Indonesia,IDN,1992,38
Indonesia,IDN,1993,42
Indonesia,IDN,1994,45
Indonesia,IDN,1995,64
Indonesia,IDN,1996,84
Indonesia,IDN,1997,87
Indonesia,IDN,1998,124
Indonesia,IDN,1999,129
Indonesia,IDN,2000,118
Indonesia,IDN,2001,166
Indonesia,IDN,2002,142
Indonesia,IDN,2003,141
Indonesia,IDN,2004,87
Indonesia,IDN,2005,143
Indonesia,IDN,2006,139
Indonesia,IDN,2007,118
Indonesia,IDN,2008,64
Indonesia,IDN,2009,140
Indonesia,IDN,2010,120
Indonesia,IDN,2011,77
Indonesia,IDN,2012,66
Indonesia,IDN,2013,60
Indonesia,IDN,2014,69
Indonesia,IDN,2015,97
Japan,JPN,1681,0
Japan,JPN,1682,0
Japan,JPN,1683,0
Japan,JPN,1684,0
Japan,JPN,1685,0
Japan,JPN,1686,0
Japan,JPN,1687,0
Japan,JPN,1688,0
Japan,JPN,1689,0
Japan,JPN,1690,0
Japan,JPN,1691,0
Japan,JPN,1692,0
Japan,JPN,1693,0
Japan,JPN,1694,0
Japan,JPN,1695,0
Japan,JPN,1696,0
Japan,JPN,1697,0
Japan,JPN,1698,0
Japan,JPN,1699,0
Japan,JPN,1700,0
Japan,JPN,1701,0
Japan,JPN,1702,0
Japan,JPN,1703,0
Japan,JPN,1704,0
Japan,JPN,1705,0
Japan,JPN,1706,0
Japan,JPN,1707,0
Japan,JPN,1708,0
Japan,JPN,1709,0
Japan,JPN,1710,0
Japan,JPN,1711,0
Japan,JPN,1712,0
Japan,JPN,1713,0
Japan,JPN,1714,0
Japan,JPN,1715,0
Japan,JPN,1716,0
Japan,JPN,1717,0
Japan,JPN,1718,0
Japan,JPN,1719,0
Japan,JPN,1720,0
Japan,JPN,1721,0
Japan,JPN,1722,0
Japan,JPN,1723,0
Japan,JPN,1724,0
Japan,JPN,1725,0
Japan,JPN,1726,0
Japan,JPN,1727,0
Japan,JPN,1728,0
Japan,JPN,1729,0
Japan,JPN,1730,0
Japan,JPN,1731,0
Japan,JPN,1732,0
Japan,JPN,1733,0
Japan,JPN,1734,0
Japan,JPN,1735,0
Japan,JPN,1736,0
Japan,JPN,1737,0
Japan,JPN,1738,0
Japan,JPN,1739,0
Japan,JPN,1740,0
Japan,JPN,1741,0
Japan,JPN,1742,0
Japan,JPN,1743,0
Japan,JPN,1744,0
Japan,JPN,1745,0
Japan,JPN,1746,0
Japan,JPN,1747,0
Japan,JPN,1748,0
Japan,JPN,1749,0
Japan,JPN,1750,0
Japan,JPN,1751,0
Japan,JPN,1752,0
Japan,JPN,1753,0
Japan,JPN,1754,0
Japan,JPN,1755,0
Japan,JPN,1756,0
Japan,JPN,1757,0
Japan,JPN,1758,0
Japan,JPN,1759,0
Japan,JPN,1760,0
Japan,JPN,1761,0
Japan,JPN,1762,0
Japan,JPN,1763,0
Japan,JPN,1764,0
Japan,JPN,1765,0
Japan,JPN,1766,0
Japan,JPN,1767,0
Japan,JPN,1768,0
Japan,JPN,1769,0
Japan,JPN,1770,0
Japan,JPN,1771,0
Japan,JPN,1772,0
Japan,JPN,1773,0
Japan,JPN,1774,0
Japan,JPN,1775,0
Japan,JPN,1776,0
Japan,JPN,1777,0
Japan,JPN,1778,0
Japan,JPN,1779,0
Japan,JPN,1780,0
Japan,JPN,1781,0
Japan,JPN,1782,0
Japan,JPN,1783,0
Japan,JPN,1784,0
Japan,JPN,1785,0
Japan,JPN,1786,0
Japan,JPN,1787,0
Japan,JPN,1788,0
Japan,JPN,1789,0
Japan,JPN,1790,0
Japan,JPN,1791,0
Japan,JPN,1792,0
Japan,JPN,1793,0
Japan,JPN,1794,0
Japan,JPN,1795,0
Japan,JPN,1796,0
Japan,JPN,1797,0
Japan,JPN,1798,0
Japan,JPN,1799,0
Japan,JPN,1800,0
Japan,JPN,1801,0
Japan,JPN,1802,0
Japan,JPN,1803,0
Japan,JPN,1804,0
Japan,JPN,1805,0
Japan,JPN,1806,0
Japan,JPN,1807,0
Japan,JPN,1808,0
Japan,JPN,1809,0
Japan,JPN,1810,0
Japan,JPN,1811,0
Japan,JPN,1812,0
Japan,JPN,1813,0
Japan,JPN,1814,0
Japan,JPN,1815,0
Japan,JPN,1816,0
Japan,JPN,1817,0
Japan,JPN,1818,0
Japan,JPN,1819,0
Japan,JPN,1820,0
Japan,JPN,1821,0
Japan,JPN,1822,0
Japan,JPN,1823,0
Japan,JPN,1824,0
Japan,JPN,1825,0
Japan,JPN,1826,0
Japan,JPN,1827,0
Japan,JPN,1828,0
Japan,JPN,1829,0
Japan,JPN,1830,0
Japan,JPN,1831,0
Japan,JPN,1832,0
Japan,JPN,1833,0
Japan,JPN,1834,0
Japan,JPN,1835,0
Japan,JPN,1836,0
Japan,JPN,1837,0
Japan,JPN,1838,0
Japan,JPN,1839,0
Japan,JPN,1840,0
Japan,JPN,1841,0
Japan,JPN,1842,0
Japan,JPN,1843,0
Japan,JPN,1844,0
Japan,JPN,1845,0
Japan,JPN,1846,0
Japan,JPN,1847,0
Japan,JPN,1848,0
Japan,JPN,1849,0
Japan,JPN,1850,0
Japan,JPN,1851,0
Japan,JPN,1852,0
Japan,JPN,1853,0
Japan,JPN,1854,0
Japan,JPN,1855,0
Japan,JPN,1856,0
Japan,JPN,1857,0
Japan,JPN,1858,0
Japan,JPN,1859,0
Japan,JPN,1860,0
Japan,JPN,1861,0
Japan,JPN,1862,0
Japan,JPN,1863,0
Japan,JPN,1864,0
Japan,JPN,1865,0
Japan,JPN,1866,0
Japan,JPN,1867,0
Japan,JPN,1868,0
Japan,JPN,1869,0
Japan,JPN,1870,0
Japan,JPN,1871,0
Japan,JPN,1872,0
Japan,JPN,1873,0
Japan,JPN,1874,0
Japan,JPN,1875,0
Japan,JPN,1876,0
Japan,JPN,1877,0
Japan,JPN,1878,0
Japan,JPN,1879,0
Japan,JPN,1880,0
Japan,JPN,1881,0
Japan,JPN,1882,0
Japan,JPN,1883,0
Japan,JPN,1884,0
Japan,JPN,1885,0
Japan,JPN,1886,1
Japan,JPN,1887,1
Japan,JPN,1888,1
Japan,JPN,1889,1
Japan,JPN,1890,1
Japan,JPN,1891,1
Japan,JPN,1892,1
Japan,JPN,1893,1
Japan,JPN,1894,1
Japan,JPN,1895,1
Japan,JPN,1896,1
Japan,JPN,1897,1
Japan,JPN,1898,1
Japan,JPN,1899,1
Japan,JPN,1900,2
Japan,JPN,1901,2
Japan,JPN,1902,2
Japan,JPN,1903,3
Japan,JPN,1904,4
Japan,JPN,1905,5
Japan,JPN,1906,5
Japan,JPN,1907,4
Japan,JPN,1908,5
Japan,JPN,1909,5
Japan,JPN,1910,6
Japan,JPN,1911,6
Japan,JPN,1912,7
Japan,JPN,1913,5
Japan,JPN,1914,8
Japan,JPN,1915,8
Japan,JPN,1916,8
Japan,JPN,1917,7
Japan,JPN,1918,8
Japan,JPN,1919,7
Japan,JPN,1920,8
Japan,JPN,1921,7
Japan,JPN,1922,8
Japan,JPN,1923,8
Japan,JPN,1924,8
Japan,JPN,1925,10
Japan,JPN,1926,10
Japan,JPN,1927,10
Japan,JPN,1928,10
Japan,JPN,1929,10
Japan,JPN,1930,12
Japan,JPN,1931,13
Japan,JPN,1932,13
Japan,JPN,1933,14
Japan,JPN,1934,15
Japan,JPN,1935,18
Japan,JPN,1936,22
Japan,JPN,1937,23
Japan,JPN,1938,24
Japan,JPN,1939,26
Japan,JPN,1940,27
Japan,JPN,1941,25
Japan,JPN,1942,23
Japan,JPN,1943,12
Japan,JPN,1944,8
Japan,JPN,1945,3
Japan,JPN,1946,1
Japan,JPN,1947,2
Japan,JPN,1948,3
Japan,JPN,1949,4
Japan,JPN,1950,5
Japan,JPN,1951,6
Japan,JPN,1952,7
Japan,JPN,1953,8
Japan,JPN,1954,9
Japan,JPN,1955,9
Japan,JPN,1956,9
Japan,JPN,1957,9
Japan,JPN,1958,7
Japan,JPN,1959,8
Japan,JPN,1960,8
Japan,JPN,1961,9
Japan,JPN,1962,9
Japan,JPN,1963,8
Japan,JPN,1964,8
Japan,JPN,1965,8
Japan,JPN,1966,8
Japan,JPN,1967,8
Japan,JPN,1968,7
Japan,JPN,1969,8
Japan,JPN,1970,8
Japan,JPN,1971,8
Japan,JPN,1972,8
Japan,JPN,1973,8
Japan,JPN,1974,4
Japan,JPN,1975,4
Japan,JPN,1976,4
Japan,JPN,1977,5
Japan,JPN,1978,5
Japan,JPN,1979,4
Japan,JPN,1980,3
Japan,JPN,1981,3
Japan,JPN,1982,3
Japan,JPN,1983,3
Japan,JPN,1984,3
Japan,JPN,1985,5
Japan,JPN,1986,10
Japan,JPN,1987,9
Japan,JPN,1988,7
Japan,JPN,1989,6
Japan,JPN,1990,7
Japan,JPN,1991,8
Japan,JPN,1992,9
Japan,JPN,1993,9
Japan,JPN,1994,10
Japan,JPN,1995,9
Japan,JPN,1996,9
Japan,JPN,1997,8
Japan,JPN,1998,9
Japan,JPN,1999,9
Japan,JPN,2000,8
Japan,JPN,2001,8
Japan,JPN,2002,9
Japan,JPN,2003,8
Japan,JPN,2004,8
Japan,JPN,2005,9
Japan,JPN,2006,9
Japan,JPN,2007,9
Japan,JPN,2008,7
Japan,JPN,2009,8
Japan,JPN,2010,8
Japan,JPN,2011,9
Japan,JPN,2012,7
Japan,JPN,2013,7
Japan,JPN,2014,7
Japan,JPN,2015,8
Russia,RUS,1681,0
Russia,RUS,1682,0
Russia,RUS,1683,0
Russia,RUS,1684,0
Russia,RUS,1685,0
Russia,RUS,1686,0
Russia,RUS,1687,0
Russia,RUS,1688,0
Russia,RUS,1689,0
Russia,RUS,1690,0
Russia,RUS,1691,0
Russia,RUS,1692,0
Russia,RUS,1693,0
Russia,RUS,1694,0
Russia,RUS,1695,0
Russia,RUS,1696,0
Russia,RUS,1697,0
Russia,RUS,1698,0
Russia,RUS,1699,0
Russia,RUS,1700,0
Russia,RUS,1701,0
Russia,RUS,1702,0
Russia,RUS,1703,0
Russia,RUS,1704,0
Russia,RUS,1705,0
Russia,RUS,1706,0
Russia,RUS,1707,0
Russia,RUS,1708,0
Russia,RUS,1709,0
Russia,RUS,1710,0
Russia,RUS,1711,0
Russia,RUS,1712,0
Russia,RUS,1713,0
Russia,RUS,1714,0
Russia,RUS,1715,0
Russia,RUS,1716,0
Russia,RUS,1717,0
Russia,RUS,1718,0
Russia,RUS,1719,0
Russia,RUS,1720,0
Russia,RUS,1721,0
Russia,RUS,1722,0
Russia,RUS,1723,0
Russia,RUS,1724,0
Russia,RUS,1725,0
Russia,RUS,1726,0
Russia,RUS,1727,0
Russia,RUS,1728,0
Russia,RUS,1729,0
Russia,RUS,1730,0
Russia,RUS,1731,0
Russia,RUS,1732,0
Russia,RUS,1733,0
Russia,RUS,1734,0
Russia,RUS,1735,0
Russia,RUS,1736,0
Russia,RUS,1737,0
Russia,RUS,1738,0
Russia,RUS,1739,0
Russia,RUS,1740,0
Russia,RUS,1741,0
Russia,RUS,1742,0
Russia,RUS,1743,0
Russia,RUS,1744,0
Russia,RUS,1745,0
Russia,RUS,1746,0
Russia,RUS,1747,0
Russia,RUS,1748,0
Russia,RUS,1749,0
Russia,RUS,1750,0
Russia,RUS,1751,0
Russia,RUS,1752,0
Russia,RUS,1753,0
Russia,RUS,1754,0
Russia,RUS,1755,0
Russia,RUS,1756,0
Russia,RUS,1757,0
Russia,RUS,1758,0
Russia,RUS,1759,0
Russia,RUS,1760,0
Russia,RUS,1761,0
Russia,RUS,1762,0
Russia,RUS,1763,0
Russia,RUS,1764,0
Russia,RUS,1765,0
Russia,RUS,1766,0
Russia,RUS,1767,0
Russia,RUS,1768,0
Russia,RUS,1769,0
Russia,RUS,1770,0
Russia,RUS,1771,0
Russia,RUS,1772,0
Russia,RUS,1773,0
Russia,RUS,1774,0
Russia,RUS,1775,0
Russia,RUS,1776,0
Russia,RUS,1777,0
Russia,RUS,1778,0
Russia,RUS,1779,0
Russia,RUS,1780,0
Russia,RUS,1781,0
Russia,RUS,1782,0
Russia,RUS,1783,0
Russia,RUS,1784,0
Russia,RUS,1785,0
Russia,RUS,1786,0
Russia,RUS,1787,0
Russia,RUS,1788,0
Russia,RUS,1789,0
Russia,RUS,1790,0
Russia,RUS,1791,0
Russia,RUS,1792,0
Russia,RUS,1793,0
Russia,RUS,1794,0
Russia,RUS,1795,0
Russia,RUS,1796,0
Russia,RUS,1797,0
Russia,RUS,1798,0
Russia,RUS,1799,0
Russia,RUS,1800,0
Russia,RUS,1801,0
Russia,RUS,1802,0
Russia,RUS,1803,0
Russia,RUS,1804,0
Russia,RUS,1805,0
Russia,RUS,1806,0
Russia,RUS,1807,0
Russia,RUS,1808,0
Russia,RUS,1809,0
Russia,RUS,1810,0
Russia,RUS,1811,0
Russia,RUS,1812,0
Russia,RUS,1813,0
Russia,RUS,1814,0
Russia,RUS,1815,0
Russia,RUS,1816,0
Russia,RUS,1817,0
Russia,RUS,1818,0
Russia,RUS,1819,0
Russia,RUS,1820,0
Russia,RUS,1821,3
Russia,RUS,1822,3
Russia,RUS,1823,3
Russia,RUS,1824,3
Russia,RUS,1825,4
Russia,RUS,1826,3
Russia,RUS,1827,3
Russia,RUS,1828,3
Russia,RUS,1829,3
Russia,RUS,1830,6
Russia,RUS,1831,7
Russia,RUS,1832,7
Russia,RUS,1833,7
Russia,RUS,1834,7
Russia,RUS,1835,7
Russia,RUS,1836,7
Russia,RUS,1837,7
Russia,RUS,1838,7
Russia,RUS,1839,7
Russia,RUS,1840,8
Russia,RUS,1841,23
Russia,RUS,1842,23
Russia,RUS,1843,23
Russia,RUS,1844,23
Russia,RUS,1845,21
Russia,RUS,1846,23
Russia,RUS,1847,23
Russia,RUS,1848,23
Russia,RUS,1849,23
Russia,RUS,1850,23
Russia,RUS,1851,25
Russia,RUS,1852,25
Russia,RUS,1853,25
Russia,RUS,1854,25
Russia,RUS,1855,27
Russia,RUS,1856,27
Russia,RUS,1857,27
Russia,RUS,1858,27
Russia,RUS,1859,27
Russia,RUS,1860,24
Russia,RUS,1861,24
Russia,RUS,1862,24
Russia,RUS,1863,24
Russia,RUS,1864,24
Russia,RUS,1865,26
Russia,RUS,1866,30
Russia,RUS,1867,30
Russia,RUS,1868,30
Russia,RUS,1869,30
Russia,RUS,1870,35
Russia,RUS,1871,39
Russia,RUS,1872,38
Russia,RUS,1873,33
Russia,RUS,1874,33
Russia,RUS,1875,33
Russia,RUS,1876,34
Russia,RUS,1877,41
Russia,RUS,1878,42
Russia,RUS,1879,43
Russia,RUS,1880,41
Russia,RUS,1881,39
Russia,RUS,1882,33
Russia,RUS,1883,36
Russia,RUS,1884,33
Russia,RUS,1885,38
Russia,RUS,1886,31
Russia,RUS,1887,30
Russia,RUS,1888,32
Russia,RUS,1889,35
Russia,RUS,1890,38
Russia,RUS,1891,36
Russia,RUS,1892,35
Russia,RUS,1893,42
Russia,RUS,1894,36
Russia,RUS,1895,44
Russia,RUS,1896,47
Russia,RUS,1897,32
Russia,RUS,1898,37
Russia,RUS,1899,36
Russia,RUS,1900,33
Russia,RUS,1901,36
Russia,RUS,1902,37
Russia,RUS,1903,38
Russia,RUS,1904,38
Russia,RUS,1905,33
Russia,RUS,1906,34
Russia,RUS,1907,40
Russia,RUS,1908,47
Russia,RUS,1909,48
Russia,RUS,1910,55
Russia,RUS,1911,35
Russia,RUS,1912,44
Russia,RUS,1913,40
Russia,RUS,1914,43
Russia,RUS,1915,40
Russia,RUS,1916,34
Russia,RUS,1917,27
Russia,RUS,1918,26
Russia,RUS,1919,12
Russia,RUS,1920,2
Russia,RUS,1921,1
Russia,RUS,1922,3
Russia,RUS,1923,4
Russia,RUS,1924,11
Russia,RUS,1925,13
Russia,RUS,1926,15
Russia,RUS,1927,13
Russia,RUS,1928,20
Russia,RUS,1929,20
Russia,RUS,1930,24
Russia,RUS,1931,29
Russia,RUS,1932,33
Russia,RUS,1933,42
Russia,RUS,1934,62
Russia,RUS,1935,75
Russia,RUS,1936,92
Russia,RUS,1937,84
Russia,RUS,1938,89
Russia,RUS,1939,80
Russia,RUS,1940,104
Russia,RUS,1941,0
Russia,RUS,1942,0
Russia,RUS,1943,0
Russia,RUS,1944,0
Russia,RUS,1945,0
Russia,RUS,1946,0
Russia,RUS,1947,0
Russia,RUS,1948,0
Russia,RUS,1949,0
Russia,RUS,1950,0
Russia,RUS,1951,0
Russia,RUS,1952,0
Russia,RUS,1953,0
Russia,RUS,1954,0
Russia,RUS,1955,0
Russia,RUS,1956,0
Russia,RUS,1957,0
Russia,RUS,1958,0
Russia,RUS,1959,0
Russia,RUS,1960,0
Russia,RUS,1961,0
Russia,RUS,1962,0
Russia,RUS,1963,0
Russia,RUS,1964,0
Russia,RUS,1965,0
Russia,RUS,1966,0
Russia,RUS,1967,0
Russia,RUS,1968,0
Russia,RUS,1969,0
Russia,RUS,1970,205
Russia,RUS,1971,213
Russia,RUS,1972,224
Russia,RUS,1973,235
Russia,RUS,1974,249
Russia,RUS,1975,241
Russia,RUS,1976,262
Russia,RUS,1977,148
Russia,RUS,1978,148
Russia,RUS,1979,148
Russia,RUS,1980,154
Russia,RUS,1981,157
Russia,RUS,1982,157
Russia,RUS,1983,158
Russia,RUS,1984,159
Russia,RUS,1985,160
Russia,RUS,1986,163
Russia,RUS,1987,154
Russia,RUS,1988,164
Russia,RUS,1989,180
Russia,RUS,1990,179
Russia,RUS,1991,142
Russia,RUS,1992,146
Russia,RUS,1993,150
Russia,RUS,1994,147
Russia,RUS,1995,132
Russia,RUS,1996,120
Russia,RUS,1997,124
Russia,RUS,1998,114
Russia,RUS,1999,126
Russia,RUS,2000,143
Russia,RUS,2001,153
Russia,RUS,2002,168
Russia,RUS,2003,170
Russia,RUS,2004,169
Russia,RUS,2005,163
Russia,RUS,2006,159
Russia,RUS,2007,157
Russia,RUS,2008,184
Russia,RUS,2009,205
Russia,RUS,2010,201
Russia,RUS,2011,185
Russia,RUS,2012,183
Russia,RUS,2013,230
Russia,RUS,2014,249
Russia,RUS,2015,252
SB,SAU,1681,0
SB,SAU,1682,0
SB,SAU,1683,0
SB,SAU,1684,0
SB,SAU,1685,0
SB,SAU,1686,0
SB,SAU,1687,0
SB,SAU,1688,0
SB,SAU,1689,0
SB,SAU,1690,0
SB,SAU,1691,0
SB,SAU,1692,0
SB,SAU,1693,0
SB,SAU,1694,0
SB,SAU,1695,0
SB,SAU,1696,0
SB,SAU,1697,0
SB,SAU,1698,0
SB,SAU,1699,0
SB,SAU,1700,0
SB,SAU,1701,0
SB,SAU,1702,0
SB,SAU,1703,0
SB,SAU,1704,0
SB,SAU,1705,0
SB,SAU,1706,0
SB,SAU,1707,0
SB,SAU,1708,0
SB,SAU,1709,0
SB,SAU,1710,0
SB,SAU,1711,0
SB,SAU,1712,0
SB,SAU,1713,0
SB,SAU,1714,0
SB,SAU,1715,0
SB,SAU,1716,0
SB,SAU,1717,0
SB,SAU,1718,0
SB,SAU,1719,0
SB,SAU,1720,0
SB,SAU,1721,0
SB,SAU,1722,0
SB,SAU,1723,0
SB,SAU,1724,0
SB,SAU,1725,0
SB,SAU,1726,0
SB,SAU,1727,0
SB,SAU,1728,0
SB,SAU,1729,0
SB,SAU,1730,0
SB,SAU,1731,0
SB,SAU,1732,0
SB,SAU,1733,0
SB,SAU,1734,0
SB,SAU,1735,0
SB,SAU,1736,0
SB,SAU,1737,0
SB,SAU,1738,0
SB,SAU,1739,0
SB,SAU,1740,0
SB,SAU,1741,0
SB,SAU,1742,0
SB,SAU,1743,0
SB,SAU,1744,0
SB,SAU,1745,0
SB,SAU,1746,0
SB,SAU,1747,0
SB,SAU,1748,0
SB,SAU,1749,0
SB,SAU,1750,0
SB,SAU,1751,0
SB,SAU,1752,0
SB,SAU,1753,0
SB,SAU,1754,0
SB,SAU,1755,0
SB,SAU,1756,0
SB,SAU,1757,0
SB,SAU,1758,0
SB,SAU,1759,0
SB,SAU,1760,0
SB,SAU,1761,0
SB,SAU,1762,0
SB,SAU,1763,0
SB,SAU,1764,0
SB,SAU,1765,0
SB,SAU,1766,0
SB,SAU,1767,0
SB,SAU,1768,0
SB,SAU,1769,0
SB,SAU,1770,0
SB,SAU,1771,0
SB,SAU,1772,0
SB,SAU,1773,0
SB,SAU,1774,0
SB,SAU,1775,0
SB,SAU,1776,0
SB,SAU,1777,0
SB,SAU,1778,0
SB,SAU,1779,0
SB,SAU,1780,0
SB,SAU,1781,0
SB,SAU,1782,0
SB,SAU,1783,0
SB,SAU,1784,0
SB,SAU,1785,0
SB,SAU,1786,0
SB,SAU,1787,0
SB,SAU,1788,0
SB,SAU,1789,0
SB,SAU,1790,0
SB,SAU,1791,0
SB,SAU,1792,0
SB,SAU,1793,0
SB,SAU,1794,0
SB,SAU,1795,0
SB,SAU,1796,0
SB,SAU,1797,0
SB,SAU,1798,0
SB,SAU,1799,0
SB,SAU,1800,0
SB,SAU,1801,0
SB,SAU,1802,0
SB,SAU,1803,0
SB,SAU,1804,0
SB,SAU,1805,0
SB,SAU,1806,0
SB,SAU,1807,0
SB,SAU,1808,0
SB,SAU,1809,0
SB,SAU,1810,0
SB,SAU,1811,0
SB,SAU,1812,0
SB,SAU,1813,0
SB,SAU,1814,0
SB,SAU,1815,0
SB,SAU,1816,0
SB,SAU,1817,0
SB,SAU,1818,0
SB,SAU,1819,0
SB,SAU,1820,0
SB,SAU,1821,0
SB,SAU,1822,0
SB,SAU,1823,0
SB,SAU,1824,0
SB,SAU,1825,0
SB,SAU,1826,0
SB,SAU,1827,0
SB,SAU,1828,0
SB,SAU,1829,0
SB,SAU,1830,0
SB,SAU,1831,0
SB,SAU,1832,0
SB,SAU,1833,0
SB,SAU,1834,0
SB,SAU,1835,0
SB,SAU,1836,0
SB,SAU,1837,0
SB,SAU,1838,0
SB,SAU,1839,0
SB,SAU,1840,0
SB,SAU,1841,0
SB,SAU,1842,0
SB,SAU,1843,0
SB,SAU,1844,0
SB,SAU,1845,0
SB,SAU,1846,0
SB,SAU,1847,0
SB,SAU,1848,0
SB,SAU,1849,0
SB,SAU,1850,0
SB,SAU,1851,0
SB,SAU,1852,0
SB,SAU,1853,0
SB,SAU,1854,0
SB,SAU,1855,0
SB,SAU,1856,0
SB,SAU,1857,0
SB,SAU,1858,0
SB,SAU,1859,0
SB,SAU,1860,0
SB,SAU,1861,0
SB,SAU,1862,0
SB,SAU,1863,0
SB,SAU,1864,0
SB,SAU,1865,0
SB,SAU,1866,0
SB,SAU,1867,0
SB,SAU,1868,0
SB,SAU,1869,0
SB,SAU,1870,0
SB,SAU,1871,0
SB,SAU,1872,0
SB,SAU,1873,0
SB,SAU,1874,0
SB,SAU,1875,0
SB,SAU,1876,0
SB,SAU,1877,0
SB,SAU,1878,0
SB,SAU,1879,0
SB,SAU,1880,0
SB,SAU,1881,0
SB,SAU,1882,0
SB,SAU,1883,0
SB,SAU,1884,0
SB,SAU,1885,0
SB,SAU,1886,0
SB,SAU,1887,0
SB,SAU,1888,0
SB,SAU,1889,0
SB,SAU,1890,0
SB,SAU,1891,0
SB,SAU,1892,0
SB,SAU,1893,0
SB,SAU,1894,0
SB,SAU,1895,0
SB,SAU,1896,0
SB,SAU,1897,0
SB,SAU,1898,0
SB,SAU,1899,0
SB,SAU,1900,0
SB,SAU,1901,0
SB,SAU,1902,0
SB,SAU,1903,0
SB,SAU,1904,0
SB,SAU,1905,0
SB,SAU,1906,0
SB,SAU,1907,0
SB,SAU,1908,0
SB,SAU,1909,0
SB,SAU,1910,0
SB,SAU,1911,0
SB,SAU,1912,0
SB,SAU,1913,0
SB,SAU,1914,0
SB,SAU,1915,0
SB,SAU,1916,0
SB,SAU,1917,0
SB,SAU,1918,0
SB,SAU,1919,0
SB,SAU,1920,0
SB,SAU,1921,0
SB,SAU,1922,0
SB,SAU,1923,0
SB,SAU,1924,0
SB,SAU,1925,0
SB,SAU,1926,0
SB,SAU,1927,0
SB,SAU,1928,0
SB,SAU,1929,0
SB,SAU,1930,0
SB,SAU,1931,0
SB,SAU,1932,0
SB,SAU,1933,0
SB,SAU,1934,0
SB,SAU,1935,0
SB,SAU,1936,0
SB,SAU,1937,0
SB,SAU,1938,0
SB,SAU,1939,0
SB,SAU,1940,1
SB,SAU,1941,1
SB,SAU,1942,1
SB,SAU,1943,1
SB,SAU,1944,0
SB,SAU,1945,1
SB,SAU,1946,1
SB,SAU,1947,2
SB,SAU,1948,2
SB,SAU,1949,2
SB,SAU,1950,2
SB,SAU,1951,2
SB,SAU,1952,2
SB,SAU,1953,2
SB,SAU,1954,1
SB,SAU,1955,0
SB,SAU,1956,0
SB,SAU,1957,0
SB,SAU,1958,0
SB,SAU,1959,0
SB,SAU,1960,0
SB,SAU,1961,0
SB,SAU,1962,0
SB,SAU,1963,0
SB,SAU,1964,0
SB,SAU,1965,0
SB,SAU,1966,0
SB,SAU,1967,0
SB,SAU,1968,0
SB,SAU,1969,0
SB,SAU,1970,0
SB,SAU,1971,0
SB,SAU,1972,0
SB,SAU,1973,0
SB,SAU,1974,0
SB,SAU,1975,0
SB,SAU,1976,0
SB,SAU,1977,0
SB,SAU,1978,0
SB,SAU,1979,0
SB,SAU,1980,0
SB,SAU,1981,0
SB,SAU,1982,0
SB,SAU,1983,0
SB,SAU,1984,0
SB,SAU,1985,0
SB,SAU,1986,0
SB,SAU,1987,0
SB,SAU,1988,0
SB,SAU,1989,3
SB,SAU,1990,4
SB,SAU,1991,5
SB,SAU,1992,6
SB,SAU,1993,8
SB,SAU,1994,8
SB,SAU,1995,8
SB,SAU,1996,8
SB,SAU,1997,7
SB,SAU,1998,5
SB,SAU,1999,5
SB,SAU,2000,4
SB,SAU,2001,4
SB,SAU,2002,5
SB,SAU,2003,9
SB,SAU,2004,8
SB,SAU,2005,8
SB,SAU,2006,5
SB,SAU,2007,4
SB,SAU,2008,5
SB,SAU,2009,5
SB,SAU,2010,4
SB,SAU,2011,5
SB,SAU,2012,4
SB,SAU,2013,4
SB,SAU,2014,5
SB,SAU,2015,5
SA,ZAF,1681,0
SA,ZAF,1682,0
SA,ZAF,1683,0
SA,ZAF,1684,0
SA,ZAF,1685,0
SA,ZAF,1686,0
SA,ZAF,1687,0
SA,ZAF,1688,0
SA,ZAF,1689,0
SA,ZAF,1690,0
SA,ZAF,1691,0
SA,ZAF,1692,0
SA,ZAF,1693,0
SA,ZAF,1694,0
SA,ZAF,1695,0
SA,ZAF,1696,0
SA,ZAF,1697,0
SA,ZAF,1698,0
SA,ZAF,1699,0
SA,ZAF,1700,0
SA,ZAF,1701,0
SA,ZAF,1702,0
SA,ZAF,1703,0
SA,ZAF,1704,0
SA,ZAF,1705,0
SA,ZAF,1706,0
SA,ZAF,1707,0
SA,ZAF,1708,0
SA,ZAF,1709,0
SA,ZAF,1710,0
SA,ZAF,1711,0
SA,ZAF,1712,0
SA,ZAF,1713,0
SA,ZAF,1714,0
SA,ZAF,1715,0
SA,ZAF,1716,0
SA,ZAF,1717,0
SA,ZAF,1718,0
SA,ZAF,1719,0
SA,ZAF,1720,0
SA,ZAF,1721,0
SA,ZAF,1722,0
SA,ZAF,1723,0
SA,ZAF,1724,0
SA,ZAF,1725,0
SA,ZAF,1726,0
SA,ZAF,1727,0
SA,ZAF,1728,0
SA,ZAF,1729,0
SA,ZAF,1730,0
SA,ZAF,1731,0
SA,ZAF,1732,0
SA,ZAF,1733,0
SA,ZAF,1734,0
SA,ZAF,1735,0
SA,ZAF,1736,0
SA,ZAF,1737,0
SA,ZAF,1738,0
SA,ZAF,1739,0
SA,ZAF,1740,0
SA,ZAF,1741,0
SA,ZAF,1742,0
SA,ZAF,1743,0
SA,ZAF,1744,0
SA,ZAF,1745,0
SA,ZAF,1746,0
SA,ZAF,1747,0
SA,ZAF,1748,0
SA,ZAF,1749,0
SA,ZAF,1750,0
SA,ZAF,1751,0
SA,ZAF,1752,0
SA,ZAF,1753,0
SA,ZAF,1754,0
SA,ZAF,1755,0
SA,ZAF,1756,0
SA,ZAF,1757,0
SA,ZAF,1758,0
SA,ZAF,1759,0
SA,ZAF,1760,0
SA,ZAF,1761,0
SA,ZAF,1762,0
SA,ZAF,1763,0
SA,ZAF,1764,0
SA,ZAF,1765,0
SA,ZAF,1766,0
SA,ZAF,1767,0
SA,ZAF,1768,0
SA,ZAF,1769,0
SA,ZAF,1770,0
SA,ZAF,1771,0
SA,ZAF,1772,0
SA,ZAF,1773,0
SA,ZAF,1774,0
SA,ZAF,1775,0
SA,ZAF,1776,0
SA,ZAF,1777,0
SA,ZAF,1778,0
SA,ZAF,1779,0
SA,ZAF,1780,0
SA,ZAF,1781,0
SA,ZAF,1782,0
SA,ZAF,1783,0
SA,ZAF,1784,0
SA,ZAF,1785,0
SA,ZAF,1786,0
SA,ZAF,1787,0
SA,ZAF,1788,0
SA,ZAF,1789,0
SA,ZAF,1790,0
SA,ZAF,1791,0
SA,ZAF,1792,0
SA,ZAF,1793,0
SA,ZAF,1794,0
SA,ZAF,1795,0
SA,ZAF,1796,0
SA,ZAF,1797,0
SA,ZAF,1798,0
SA,ZAF,1799,0
SA,ZAF,1800,0
SA,ZAF,1801,0
SA,ZAF,1802,0
SA,ZAF,1803,0
SA,ZAF,1804,0
SA,ZAF,1805,0
SA,ZAF,1806,0
SA,ZAF,1807,0
SA,ZAF,1808,0
SA,ZAF,1809,0
SA,ZAF,1810,0
SA,ZAF,1811,0
SA,ZAF,1812,0
SA,ZAF,1813,0
SA,ZAF,1814,0
SA,ZAF,1815,0
SA,ZAF,1816,0
SA,ZAF,1817,0
SA,ZAF,1818,0
SA,ZAF,1819,0
SA,ZAF,1820,0
SA,ZAF,1821,0
SA,ZAF,1822,0
SA,ZAF,1823,0
SA,ZAF,1824,0
SA,ZAF,1825,0
SA,ZAF,1826,0
SA,ZAF,1827,0
SA,ZAF,1828,0
SA,ZAF,1829,0
SA,ZAF,1830,0
SA,ZAF,1831,0
SA,ZAF,1832,0
SA,ZAF,1833,0
SA,ZAF,1834,0
SA,ZAF,1835,0
SA,ZAF,1836,0
SA,ZAF,1837,0
SA,ZAF,1838,0
SA,ZAF,1839,0
SA,ZAF,1840,0
SA,ZAF,1841,0
SA,ZAF,1842,0
SA,ZAF,1843,0
SA,ZAF,1844,0
SA,ZAF,1845,0
SA,ZAF,1846,0
SA,ZAF,1847,0
SA,ZAF,1848,0
SA,ZAF,1849,0
SA,ZAF,1850,0
SA,ZAF,1851,0
SA,ZAF,1852,0
SA,ZAF,1853,0
SA,ZAF,1854,0
SA,ZAF,1855,0
SA,ZAF,1856,0
SA,ZAF,1857,0
SA,ZAF,1858,0
SA,ZAF,1859,0
SA,ZAF,1860,0
SA,ZAF,1861,0
SA,ZAF,1862,0
SA,ZAF,1863,0
SA,ZAF,1864,0
SA,ZAF,1865,0
SA,ZAF,1866,0
SA,ZAF,1867,0
SA,ZAF,1868,0
SA,ZAF,1869,0
SA,ZAF,1870,0
SA,ZAF,1871,0
SA,ZAF,1872,0
SA,ZAF,1873,0
SA,ZAF,1874,0
SA,ZAF,1875,0
SA,ZAF,1876,0
SA,ZAF,1877,0
SA,ZAF,1878,0
SA,ZAF,1879,0
SA,ZAF,1880,0
SA,ZAF,1881,0
SA,ZAF,1882,0
SA,ZAF,1883,0
SA,ZAF,1884,3
SA,ZAF,1885,2
SA,ZAF,1886,2
SA,ZAF,1887,1
SA,ZAF,1888,5
SA,ZAF,1889,8
SA,ZAF,1890,13
SA,ZAF,1891,25
SA,ZAF,1892,33
SA,ZAF,1893,44
SA,ZAF,1894,61
SA,ZAF,1895,66
SA,ZAF,1896,66
SA,ZAF,1897,87
SA,ZAF,1898,119
SA,ZAF,1899,107
SA,ZAF,1900,9
SA,ZAF,1901,8
SA,ZAF,1902,53
SA,ZAF,1903,93
SA,ZAF,1904,117
SA,ZAF,1905,153
SA,ZAF,1906,180
SA,ZAF,1907,201
SA,ZAF,1908,219
SA,ZAF,1909,227
SA,ZAF,1910,234
SA,ZAF,1911,257
SA,ZAF,1912,283
SA,ZAF,1913,274
SA,ZAF,1914,261
SA,ZAF,1915,283
SA,ZAF,1916,289
SA,ZAF,1917,281
SA,ZAF,1918,262
SA,ZAF,1919,259
SA,ZAF,1920,254
SA,ZAF,1921,252
SA,ZAF,1922,218
SA,ZAF,1923,284
SA,ZAF,1924,298
SA,ZAF,1925,299
SA,ZAF,1926,310
SA,ZAF,1927,315
SA,ZAF,1928,322
SA,ZAF,1929,324
SA,ZAF,1930,333
SA,ZAF,1931,338
SA,ZAF,1932,360
SA,ZAF,1933,343
SA,ZAF,1934,326
SA,ZAF,1935,335
SA,ZAF,1936,353
SA,ZAF,1937,365
SA,ZAF,1938,378
SA,ZAF,1939,399
SA,ZAF,1940,437
SA,ZAF,1941,448
SA,ZAF,1942,439
SA,ZAF,1943,398
SA,ZAF,1944,382
SA,ZAF,1945,380
SA,ZAF,1946,371
SA,ZAF,1947,348
SA,ZAF,1948,360
SA,ZAF,1949,364
SA,ZAF,1950,363
SA,ZAF,1951,358
SA,ZAF,1952,368
SA,ZAF,1953,371
SA,ZAF,1954,412
SA,ZAF,1955,454
SA,ZAF,1956,494
SA,ZAF,1957,530
SA,ZAF,1958,549
SA,ZAF,1959,624
SA,ZAF,1960,665
SA,ZAF,1961,714
SA,ZAF,1962,793
SA,ZAF,1963,854
SA,ZAF,1964,906
SA,ZAF,1965,950
SA,ZAF,1966,961
SA,ZAF,1967,943
SA,ZAF,1968,967
SA,ZAF,1969,970
SA,ZAF,1970,1002
SA,ZAF,1971,976
SA,ZAF,1972,908
SA,ZAF,1973,856
SA,ZAF,1974,760
SA,ZAF,1975,713
SA,ZAF,1976,713
SA,ZAF,1977,700
SA,ZAF,1978,704
SA,ZAF,1979,704
SA,ZAF,1980,673
SA,ZAF,1981,656
SA,ZAF,1982,663
SA,ZAF,1983,680
SA,ZAF,1984,683
SA,ZAF,1985,678
SA,ZAF,1986,642
SA,ZAF,1987,602
SA,ZAF,1988,618
SA,ZAF,1989,606
SA,ZAF,1990,603
SA,ZAF,1991,599
SA,ZAF,1992,614
SA,ZAF,1993,619
SA,ZAF,1994,580
SA,ZAF,1995,524
SA,ZAF,1996,498
SA,ZAF,1997,491
SA,ZAF,1998,465
SA,ZAF,1999,451
SA,ZAF,2000,431
SA,ZAF,2001,395
SA,ZAF,2002,399
SA,ZAF,2003,376
SA,ZAF,2004,342
SA,ZAF,2005,290
SA,ZAF,2006,270
SA,ZAF,2007,250
SA,ZAF,2008,210
SA,ZAF,2009,200
SA,ZAF,2010,190
SA,ZAF,2011,180
SA,ZAF,2012,154
SA,ZAF,2013,160
SA,ZAF,2014,152
SA,ZAF,2015,145
SK,KOR,1681,0
SK,KOR,1682,0
SK,KOR,1683,0
SK,KOR,1684,0
SK,KOR,1685,0
SK,KOR,1686,0
SK,KOR,1687,0
SK,KOR,1688,0
SK,KOR,1689,0
SK,KOR,1690,0
SK,KOR,1691,0
SK,KOR,1692,0
SK,KOR,1693,0
SK,KOR,1694,0
SK,KOR,1695,0
SK,KOR,1696,0
SK,KOR,1697,0
SK,KOR,1698,0
SK,KOR,1699,0
SK,KOR,1700,0
SK,KOR,1701,0
SK,KOR,1702,0
SK,KOR,1703,0
SK,KOR,1704,0
SK,KOR,1705,0
SK,KOR,1706,0
SK,KOR,1707,0
SK,KOR,1708,0
SK,KOR,1709,0
SK,KOR,1710,0
SK,KOR,1711,0
SK,KOR,1712,0
SK,KOR,1713,0
SK,KOR,1714,0
SK,KOR,1715,0
SK,KOR,1716,0
SK,KOR,1717,0
SK,KOR,1718,0
SK,KOR,1719,0
SK,KOR,1720,0
SK,KOR,1721,0
SK,KOR,1722,0
SK,KOR,1723,0
SK,KOR,1724,0
SK,KOR,1725,0
SK,KOR,1726,0
SK,KOR,1727,0
SK,KOR,1728,0
SK,KOR,1729,0
SK,KOR,1730,0
SK,KOR,1731,0
SK,KOR,1732,0
SK,KOR,1733,0
SK,KOR,1734,0
SK,KOR,1735,0
SK,KOR,1736,0
SK,KOR,1737,0
SK,KOR,1738,0
SK,KOR,1739,0
SK,KOR,1740,0
SK,KOR,1741,0
SK,KOR,1742,0
SK,KOR,1743,0
SK,KOR,1744,0
SK,KOR,1745,0
SK,KOR,1746,0
SK,KOR,1747,0
SK,KOR,1748,0
SK,KOR,1749,0
SK,KOR,1750,0
SK,KOR,1751,0
SK,KOR,1752,0
SK,KOR,1753,0
SK,KOR,1754,0
SK,KOR,1755,0
SK,KOR,1756,0
SK,KOR,1757,0
SK,KOR,1758,0
SK,KOR,1759,0
SK,KOR,1760,0
SK,KOR,1761,0
SK,KOR,1762,0
SK,KOR,1763,0
SK,KOR,1764,0
SK,KOR,1765,0
SK,KOR,1766,0
SK,KOR,1767,0
SK,KOR,1768,0
SK,KOR,1769,0
SK,KOR,1770,0
SK,KOR,1771,0
SK,KOR,1772,0
SK,KOR,1773,0
SK,KOR,1774,0
SK,KOR,1775,0
SK,KOR,1776,0
SK,KOR,1777,0
SK,KOR,1778,0
SK,KOR,1779,0
SK,KOR,1780,0
SK,KOR,1781,0
SK,KOR,1782,0
SK,KOR,1783,0
SK,KOR,1784,0
SK,KOR,1785,0
SK,KOR,1786,0
SK,KOR,1787,0
SK,KOR,1788,0
SK,KOR,1789,0
SK,KOR,1790,0
SK,KOR,1791,0
SK,KOR,1792,0
SK,KOR,1793,0
SK,KOR,1794,0
SK,KOR,1795,0
SK,KOR,1796,0
SK,KOR,1797,0
SK,KOR,1798,0
SK,KOR,1799,0
SK,KOR,1800,0
SK,KOR,1801,0
SK,KOR,1802,0
SK,KOR,1803,0
SK,KOR,1804,0
SK,KOR,1805,0
SK,KOR,1806,0
SK,KOR,1807,0
SK,KOR,1808,0
SK,KOR,1809,0
SK,KOR,1810,0
SK,KOR,1811,0
SK,KOR,1812,0
SK,KOR,1813,0
SK,KOR,1814,0
SK,KOR,1815,0
SK,KOR,1816,0
SK,KOR,1817,0
SK,KOR,1818,0
SK,KOR,1819,0
SK,KOR,1820,0
SK,KOR,1821,0
SK,KOR,1822,0
SK,KOR,1823,0
SK,KOR,1824,0
SK,KOR,1825,0
SK,KOR,1826,0
SK,KOR,1827,0
SK,KOR,1828,0
SK,KOR,1829,0
SK,KOR,1830,0
SK,KOR,1831,0
SK,KOR,1832,0
SK,KOR,1833,0
SK,KOR,1834,0
SK,KOR,1835,0
SK,KOR,1836,0
SK,KOR,1837,0
SK,KOR,1838,0
SK,KOR,1839,0
SK,KOR,1840,0
SK,KOR,1841,0
SK,KOR,1842,0
SK,KOR,1843,0
SK,KOR,1844,0
SK,KOR,1845,0
SK,KOR,1846,0
SK,KOR,1847,0
SK,KOR,1848,0
SK,KOR,1849,0
SK,KOR,1850,0
SK,KOR,1851,0
SK,KOR,1852,0
SK,KOR,1853,0
SK,KOR,1854,0
SK,KOR,1855,0
SK,KOR,1856,0
SK,KOR,1857,0
SK,KOR,1858,0
SK,KOR,1859,0
SK,KOR,1860,0
SK,KOR,1861,0
SK,KOR,1862,0
SK,KOR,1863,0
SK,KOR,1864,0
SK,KOR,1865,0
SK,KOR,1866,0
SK,KOR,1867,0
SK,KOR,1868,0
SK,KOR,1869,0
SK,KOR,1870,0
SK,KOR,1871,0
SK,KOR,1872,0
SK,KOR,1873,0
SK,KOR,1874,0
SK,KOR,1875,0
SK,KOR,1876,0
SK,KOR,1877,0
SK,KOR,1878,0
SK,KOR,1879,0
SK,KOR,1880,0
SK,KOR,1881,0
SK,KOR,1882,0
SK,KOR,1883,0
SK,KOR,1884,0
SK,KOR,1885,0
SK,KOR,1886,0
SK,KOR,1887,0
SK,KOR,1888,0
SK,KOR,1889,0
SK,KOR,1890,0
SK,KOR,1891,1
SK,KOR,1892,1
SK,KOR,1893,1
SK,KOR,1894,1
SK,KOR,1895,0
SK,KOR,1896,1
SK,KOR,1897,2
SK,KOR,1898,2
SK,KOR,1899,3
SK,KOR,1900,3
SK,KOR,1901,4
SK,KOR,1902,0
SK,KOR,1903,0
SK,KOR,1904,0
SK,KOR,1905,0
SK,KOR,1906,0
SK,KOR,1907,0
SK,KOR,1908,0
SK,KOR,1909,0
SK,KOR,1910,7
SK,KOR,1911,4
SK,KOR,1912,7
SK,KOR,1913,5
SK,KOR,1914,5
SK,KOR,1915,6
SK,KOR,1916,7
SK,KOR,1917,6
SK,KOR,1918,5
SK,KOR,1919,3
SK,KOR,1920,2
SK,KOR,1921,4
SK,KOR,1922,4
SK,KOR,1923,3
SK,KOR,1924,4
SK,KOR,1925,5
SK,KOR,1926,7
SK,KOR,1927,6
SK,KOR,1928,5
SK,KOR,1929,6
SK,KOR,1930,6
SK,KOR,1931,9
SK,KOR,1932,10
SK,KOR,1933,12
SK,KOR,1934,12
SK,KOR,1935,15
SK,KOR,1936,18
SK,KOR,1937,23
SK,KOR,1938,28
SK,KOR,1939,29
SK,KOR,1940,25
SK,KOR,1941,26
SK,KOR,1942,24
SK,KOR,1943,15
SK,KOR,1944,8
SK,KOR,1945,3
SK,KOR,1946,6
SK,KOR,1947,10
SK,KOR,1948,0
SK,KOR,1949,0
SK,KOR,1950,1
SK,KOR,1951,0
SK,KOR,1952,1
SK,KOR,1953,1
SK,KOR,1954,2
SK,KOR,1955,2
SK,KOR,1956,2
SK,KOR,1957,2
SK,KOR,1958,2
SK,KOR,1959,2
SK,KOR,1960,2
SK,KOR,1961,3
SK,KOR,1962,2
SK,KOR,1963,3
SK,KOR,1964,2
SK,KOR,1965,2
SK,KOR,1966,2
SK,KOR,1967,2
SK,KOR,1968,2
SK,KOR,1969,2
SK,KOR,1970,2
SK,KOR,1971,1
SK,KOR,1972,1
SK,KOR,1973,0
SK,KOR,1974,1
SK,KOR,1975,0
SK,KOR,1976,1
SK,KOR,1977,1
SK,KOR,1978,1
SK,KOR,1979,1
SK,KOR,1980,1
SK,KOR,1981,1
SK,KOR,1982,2
SK,KOR,1983,2
SK,KOR,1984,3
SK,KOR,1985,2
SK,KOR,1986,5
SK,KOR,1987,8
SK,KOR,1988,11
SK,KOR,1989,14
SK,KOR,1990,21
SK,KOR,1991,21
SK,KOR,1992,23
SK,KOR,1993,10
SK,KOR,1994,10
SK,KOR,1995,13
SK,KOR,1996,14
SK,KOR,1997,15
SK,KOR,1998,23
SK,KOR,1999,26
SK,KOR,2000,0
SK,KOR,2001,0
SK,KOR,2002,0
SK,KOR,2003,1
SK,KOR,2004,1
SK,KOR,2005,0
SK,KOR,2006,0
SK,KOR,2007,0
SK,KOR,2008,0
SK,KOR,2009,0
SK,KOR,2010,0
SK,KOR,2011,0
SK,KOR,2012,0
SK,KOR,2013,0
SK,KOR,2014,0
SK,KOR,2015,0
Thailand,THA,1681,0
Thailand,THA,1682,0
Thailand,THA,1683,0
Thailand,THA,1684,0
Thailand,THA,1685,0
Thailand,THA,1686,0
Thailand,THA,1687,0
Thailand,THA,1688,0
Thailand,THA,1689,0
Thailand,THA,1690,0
Thailand,THA,1691,0
Thailand,THA,1692,0
Thailand,THA,1693,0
Thailand,THA,1694,0
Thailand,THA,1695,0
Thailand,THA,1696,0
Thailand,THA,1697,0
Thailand,THA,1698,0
Thailand,THA,1699,0
Thailand,THA,1700,0
Thailand,THA,1701,0
Thailand,THA,1702,0
Thailand,THA,1703,0
Thailand,THA,1704,0
Thailand,THA,1705,0
Thailand,THA,1706,0
Thailand,THA,1707,0
Thailand,THA,1708,0
Thailand,THA,1709,0
Thailand,THA,1710,0
Thailand,THA,1711,0
Thailand,THA,1712,0
Thailand,THA,1713,0
Thailand,THA,1714,0
Thailand,THA,1715,0
Thailand,THA,1716,0
Thailand,THA,1717,0
Thailand,THA,1718,0
Thailand,THA,1719,0
Thailand,THA,1720,0
Thailand,THA,1721,0
Thailand,THA,1722,0
Thailand,THA,1723,0
Thailand,THA,1724,0
Thailand,THA,1725,0
Thailand,THA,1726,0
Thailand,THA,1727,0
Thailand,THA,1728,0
Thailand,THA,1729,0
Thailand,THA,1730,0
Thailand,THA,1731,0
Thailand,THA,1732,0
Thailand,THA,1733,0
Thailand,THA,1734,0
Thailand,THA,1735,0
Thailand,THA,1736,0
Thailand,THA,1737,0
Thailand,THA,1738,0
Thailand,THA,1739,0
Thailand,THA,1740,0
Thailand,THA,1741,0
Thailand,THA,1742,0
Thailand,THA,1743,0
Thailand,THA,1744,0
Thailand,THA,1745,0
Thailand,THA,1746,0
Thailand,THA,1747,0
Thailand,THA,1748,0
Thailand,THA,1749,0
Thailand,THA,1750,0
Thailand,THA,1751,0
Thailand,THA,1752,0
Thailand,THA,1753,0
Thailand,THA,1754,0
Thailand,THA,1755,0
Thailand,THA,1756,0
Thailand,THA,1757,0
Thailand,THA,1758,0
Thailand,THA,1759,0
Thailand,THA,1760,0
Thailand,THA,1761,0
Thailand,THA,1762,0
Thailand,THA,1763,0
Thailand,THA,1764,0
Thailand,THA,1765,0
Thailand,THA,1766,0
Thailand,THA,1767,0
Thailand,THA,1768,0
Thailand,THA,1769,0
Thailand,THA,1770,0
Thailand,THA,1771,0
Thailand,THA,1772,0
Thailand,THA,1773,0
Thailand,THA,1774,0
Thailand,THA,1775,0
Thailand,THA,1776,0
Thailand,THA,1777,0
Thailand,THA,1778,0
Thailand,THA,1779,0
Thailand,THA,1780,0
Thailand,THA,1781,0
Thailand,THA,1782,0
Thailand,THA,1783,0
Thailand,THA,1784,0
Thailand,THA,1785,0
Thailand,THA,1786,0
Thailand,THA,1787,0
Thailand,THA,1788,0
Thailand,THA,1789,0
Thailand,THA,1790,0
Thailand,THA,1791,0
Thailand,THA,1792,0
Thailand,THA,1793,0
Thailand,THA,1794,0
Thailand,THA,1795,0
Thailand,THA,1796,0
Thailand,THA,1797,0
Thailand,THA,1798,0
Thailand,THA,1799,0
Thailand,THA,1800,0
Thailand,THA,1801,0
Thailand,THA,1802,0
Thailand,THA,1803,0
Thailand,THA,1804,0
Thailand,THA,1805,0
Thailand,THA,1806,0
Thailand,THA,1807,0
Thailand,THA,1808,0
Thailand,THA,1809,0
Thailand,THA,1810,0
Thailand,THA,1811,0
Thailand,THA,1812,0
Thailand,THA,1813,0
Thailand,THA,1814,0
Thailand,THA,1815,0
Thailand,THA,1816,0
Thailand,THA,1817,0
Thailand,THA,1818,0
Thailand,THA,1819,0
Thailand,THA,1820,0
Thailand,THA,1821,0
Thailand,THA,1822,0
Thailand,THA,1823,0
Thailand,THA,1824,0
Thailand,THA,1825,0
Thailand,THA,1826,0
Thailand,THA,1827,0
Thailand,THA,1828,0
Thailand,THA,1829,0
Thailand,THA,1830,0
Thailand,THA,1831,0
Thailand,THA,1832,0
Thailand,THA,1833,0
Thailand,THA,1834,0
Thailand,THA,1835,0
Thailand,THA,1836,0
Thailand,THA,1837,0
Thailand,THA,1838,0
Thailand,THA,1839,0
Thailand,THA,1840,0
Thailand,THA,1841,0
Thailand,THA,1842,0
Thailand,THA,1843,0
Thailand,THA,1844,0
Thailand,THA,1845,0
Thailand,THA,1846,0
Thailand,THA,1847,0
Thailand,THA,1848,0
Thailand,THA,1849,0
Thailand,THA,1850,0
Thailand,THA,1851,0
Thailand,THA,1852,0
Thailand,THA,1853,0
Thailand,THA,1854,0
Thailand,THA,1855,0
Thailand,THA,1856,0
Thailand,THA,1857,0
Thailand,THA,1858,0
Thailand,THA,1859,0
Thailand,THA,1860,0
Thailand,THA,1861,0
Thailand,THA,1862,0
Thailand,THA,1863,0
Thailand,THA,1864,0
Thailand,THA,1865,0
Thailand,THA,1866,0
Thailand,THA,1867,0
Thailand,THA,1868,0
Thailand,THA,1869,0
Thailand,THA,1870,0
Thailand,THA,1871,0
Thailand,THA,1872,0
Thailand,THA,1873,0
Thailand,THA,1874,0
Thailand,THA,1875,0
Thailand,THA,1876,0
Thailand,THA,1877,0
Thailand,THA,1878,0
Thailand,THA,1879,0
Thailand,THA,1880,0
Thailand,THA,1881,0
Thailand,THA,1882,0
Thailand,THA,1883,0
Thailand,THA,1884,0
Thailand,THA,1885,0
Thailand,THA,1886,0
Thailand,THA,1887,0
Thailand,THA,1888,0
Thailand,THA,1889,0
Thailand,THA,1890,0
Thailand,THA,1891,0
Thailand,THA,1892,0
Thailand,THA,1893,0
Thailand,THA,1894,0
Thailand,THA,1895,0
Thailand,THA,1896,0
Thailand,THA,1897,0
Thailand,THA,1898,0
Thailand,THA,1899,0
Thailand,THA,1900,0
Thailand,THA,1901,0
Thailand,THA,1902,0
Thailand,THA,1903,0
Thailand,THA,1904,0
Thailand,THA,1905,0
Thailand,THA,1906,0
Thailand,THA,1907,0
Thailand,THA,1908,0
Thailand,THA,1909,0
Thailand,THA,1910,0
Thailand,THA,1911,0
Thailand,THA,1912,0
Thailand,THA,1913,0
Thailand,THA,1914,0
Thailand,THA,1915,0
Thailand,THA,1916,0
Thailand,THA,1917,0
Thailand,THA,1918,0
Thailand,THA,1919,0
Thailand,THA,1920,0
Thailand,THA,1921,0
Thailand,THA,1922,0
Thailand,THA,1923,0
Thailand,THA,1924,0
Thailand,THA,1925,0
Thailand,THA,1926,0
Thailand,THA,1927,0
Thailand,THA,1928,0
Thailand,THA,1929,0
Thailand,THA,1930,0
Thailand,THA,1931,0
Thailand,THA,1932,0
Thailand,THA,1933,0
Thailand,THA,1934,0
Thailand,THA,1935,0
Thailand,THA,1936,0
Thailand,THA,1937,0
Thailand,THA,1938,0
Thailand,THA,1939,0
Thailand,THA,1940,0
Thailand,THA,1941,0
Thailand,THA,1942,0
Thailand,THA,1943,0
Thailand,THA,1944,0
Thailand,THA,1945,0
Thailand,THA,1946,0
Thailand,THA,1947,0
Thailand,THA,1948,0
Thailand,THA,1949,0
Thailand,THA,1950,0
Thailand,THA,1951,0
Thailand,THA,1952,0
Thailand,THA,1953,0
Thailand,THA,1954,0
Thailand,THA,1955,0
Thailand,THA,1956,0
Thailand,THA,1957,0
Thailand,THA,1958,0
Thailand,THA,1959,0
Thailand,THA,1960,0
Thailand,THA,1961,0
Thailand,THA,1962,0
Thailand,THA,1963,0
Thailand,THA,1964,0
Thailand,THA,1965,0
Thailand,THA,1966,0
Thailand,THA,1967,0
Thailand,THA,1968,0
Thailand,THA,1969,0
Thailand,THA,1970,0
Thailand,THA,1971,0
Thailand,THA,1972,0
Thailand,THA,1973,0
Thailand,THA,1974,0
Thailand,THA,1975,0
Thailand,THA,1976,0
Thailand,THA,1977,0
Thailand,THA,1978,0
Thailand,THA,1979,0
Thailand,THA,1980,0
Thailand,THA,1981,0
Thailand,THA,1982,0
Thailand,THA,1983,0
Thailand,THA,1984,0
Thailand,THA,1985,0
Thailand,THA,1986,0
Thailand,THA,1987,0
Thailand,THA,1988,0
Thailand,THA,1989,0
Thailand,THA,1990,0
Thailand,THA,1991,0
Thailand,THA,1992,0
Thailand,THA,1993,0
Thailand,THA,1994,0
Thailand,THA,1995,0
Thailand,THA,1996,0
Thailand,THA,1997,0
Thailand,THA,1998,0
Thailand,THA,1999,0
Thailand,THA,2000,0
Thailand,THA,2001,0
Thailand,THA,2002,5
Thailand,THA,2003,4
Thailand,THA,2004,5
Thailand,THA,2005,4
Thailand,THA,2006,4
Thailand,THA,2007,3
Thailand,THA,2008,3
Thailand,THA,2009,5
Thailand,THA,2010,4
Thailand,THA,2011,6
Thailand,THA,2012,9
Thailand,THA,2013,4
Thailand,THA,2014,5
Thailand,THA,2015,3
Turkey,TUR,1681,0
Turkey,TUR,1682,0
Turkey,TUR,1683,0
Turkey,TUR,1684,0
Turkey,TUR,1685,0
Turkey,TUR,1686,0
Turkey,TUR,1687,0
Turkey,TUR,1688,0
Turkey,TUR,1689,0
Turkey,TUR,1690,0
Turkey,TUR,1691,0
Turkey,TUR,1692,0
Turkey,TUR,1693,0
Turkey,TUR,1694,0
Turkey,TUR,1695,0
Turkey,TUR,1696,0
Turkey,TUR,1697,0
Turkey,TUR,1698,0
Turkey,TUR,1699,0
Turkey,TUR,1700,0
Turkey,TUR,1701,0
Turkey,TUR,1702,0
Turkey,TUR,1703,0
Turkey,TUR,1704,0
Turkey,TUR,1705,0
Turkey,TUR,1706,0
Turkey,TUR,1707,0
Turkey,TUR,1708,0
Turkey,TUR,1709,0
Turkey,TUR,1710,0
Turkey,TUR,1711,0
Turkey,TUR,1712,0
Turkey,TUR,1713,0
Turkey,TUR,1714,0
Turkey,TUR,1715,0
Turkey,TUR,1716,0
Turkey,TUR,1717,0
Turkey,TUR,1718,0
Turkey,TUR,1719,0
Turkey,TUR,1720,0
Turkey,TUR,1721,0
Turkey,TUR,1722,0
Turkey,TUR,1723,0
Turkey,TUR,1724,0
Turkey,TUR,1725,0
Turkey,TUR,1726,0
Turkey,TUR,1727,0
Turkey,TUR,1728,0
Turkey,TUR,1729,0
Turkey,TUR,1730,0
Turkey,TUR,1731,0
Turkey,TUR,1732,0
Turkey,TUR,1733,0
Turkey,TUR,1734,0
Turkey,TUR,1735,0
Turkey,TUR,1736,0
Turkey,TUR,1737,0
Turkey,TUR,1738,0
Turkey,TUR,1739,0
Turkey,TUR,1740,0
Turkey,TUR,1741,0
Turkey,TUR,1742,0
Turkey,TUR,1743,0
Turkey,TUR,1744,0
Turkey,TUR,1745,0
Turkey,TUR,1746,0
Turkey,TUR,1747,0
Turkey,TUR,1748,0
Turkey,TUR,1749,0
Turkey,TUR,1750,0
Turkey,TUR,1751,0
Turkey,TUR,1752,0
Turkey,TUR,1753,0
Turkey,TUR,1754,0
Turkey,TUR,1755,0
Turkey,TUR,1756,0
Turkey,TUR,1757,0
Turkey,TUR,1758,0
Turkey,TUR,1759,0
Turkey,TUR,1760,0
Turkey,TUR,1761,0
Turkey,TUR,1762,0
Turkey,TUR,1763,0
Turkey,TUR,1764,0
Turkey,TUR,1765,0
Turkey,TUR,1766,0
Turkey,TUR,1767,0
Turkey,TUR,1768,0
Turkey,TUR,1769,0
Turkey,TUR,1770,0
Turkey,TUR,1771,0
Turkey,TUR,1772,0
Turkey,TUR,1773,0
Turkey,TUR,1774,0
Turkey,TUR,1775,0
Turkey,TUR,1776,0
Turkey,TUR,1777,0
Turkey,TUR,1778,0
Turkey,TUR,1779,0
Turkey,TUR,1780,0
Turkey,TUR,1781,0
Turkey,TUR,1782,0
Turkey,TUR,1783,0
Turkey,TUR,1784,0
Turkey,TUR,1785,0
Turkey,TUR,1786,0
Turkey,TUR,1787,0
Turkey,TUR,1788,0
Turkey,TUR,1789,0
Turkey,TUR,1790,0
Turkey,TUR,1791,0
Turkey,TUR,1792,0
Turkey,TUR,1793,0
Turkey,TUR,1794,0
Turkey,TUR,1795,0
Turkey,TUR,1796,0
Turkey,TUR,1797,0
Turkey,TUR,1798,0
Turkey,TUR,1799,0
Turkey,TUR,1800,0
Turkey,TUR,1801,0
Turkey,TUR,1802,0
Turkey,TUR,1803,0
Turkey,TUR,1804,0
Turkey,TUR,1805,0
Turkey,TUR,1806,0
Turkey,TUR,1807,0
Turkey,TUR,1808,0
Turkey,TUR,1809,0
Turkey,TUR,1810,0
Turkey,TUR,1811,0
Turkey,TUR,1812,0
Turkey,TUR,1813,0
Turkey,TUR,1814,0
Turkey,TUR,1815,0
Turkey,TUR,1816,0
Turkey,TUR,1817,0
Turkey,TUR,1818,0
Turkey,TUR,1819,0
Turkey,TUR,1820,0
Turkey,TUR,1821,0
Turkey,TUR,1822,0
Turkey,TUR,1823,0
Turkey,TUR,1824,0
Turkey,TUR,1825,0
Turkey,TUR,1826,0
Turkey,TUR,1827,0
Turkey,TUR,1828,0
Turkey,TUR,1829,0
Turkey,TUR,1830,0
Turkey,TUR,1831,0
Turkey,TUR,1832,0
Turkey,TUR,1833,0
Turkey,TUR,1834,0
Turkey,TUR,1835,0
Turkey,TUR,1836,0
Turkey,TUR,1837,0
Turkey,TUR,1838,0
Turkey,TUR,1839,0
Turkey,TUR,1840,0
Turkey,TUR,1841,0
Turkey,TUR,1842,0
Turkey,TUR,1843,0
Turkey,TUR,1844,0
Turkey,TUR,1845,0
Turkey,TUR,1846,0
Turkey,TUR,1847,0
Turkey,TUR,1848,0
Turkey,TUR,1849,0
Turkey,TUR,1850,0
Turkey,TUR,1851,0
Turkey,TUR,1852,0
Turkey,TUR,1853,0
Turkey,TUR,1854,0
Turkey,TUR,1855,0
Turkey,TUR,1856,0
Turkey,TUR,1857,0
Turkey,TUR,1858,0
Turkey,TUR,1859,0
Turkey,TUR,1860,0
Turkey,TUR,1861,0
Turkey,TUR,1862,0
Turkey,TUR,1863,0
Turkey,TUR,1864,0
Turkey,TUR,1865,0
Turkey,TUR,1866,0
Turkey,TUR,1867,0
Turkey,TUR,1868,0
Turkey,TUR,1869,0
Turkey,TUR,1870,0
Turkey,TUR,1871,0
Turkey,TUR,1872,0
Turkey,TUR,1873,0
Turkey,TUR,1874,0
Turkey,TUR,1875,0
Turkey,TUR,1876,0
Turkey,TUR,1877,0
Turkey,TUR,1878,0
Turkey,TUR,1879,0
Turkey,TUR,1880,0
Turkey,TUR,1881,0
Turkey,TUR,1882,0
Turkey,TUR,1883,0
Turkey,TUR,1884,0
Turkey,TUR,1885,0
Turkey,TUR,1886,0
Turkey,TUR,1887,0
Turkey,TUR,1888,0
Turkey,TUR,1889,0
Turkey,TUR,1890,0
Turkey,TUR,1891,0
Turkey,TUR,1892,0
Turkey,TUR,1893,0
Turkey,TUR,1894,0
Turkey,TUR,1895,0
Turkey,TUR,1896,0
Turkey,TUR,1897,0
Turkey,TUR,1898,0
Turkey,TUR,1899,0
Turkey,TUR,1900,0
Turkey,TUR,1901,0
Turkey,TUR,1902,0
Turkey,TUR,1903,0
Turkey,TUR,1904,0
Turkey,TUR,1905,0
Turkey,TUR,1906,0
Turkey,TUR,1907,0
Turkey,TUR,1908,0
Turkey,TUR,1909,0
Turkey,TUR,1910,0
Turkey,TUR,1911,0
Turkey,TUR,1912,0
Turkey,TUR,1913,0
Turkey,TUR,1914,0
Turkey,TUR,1915,0
Turkey,TUR,1916,0
Turkey,TUR,1917,0
Turkey,TUR,1918,0
Turkey,TUR,1919,0
Turkey,TUR,1920,0
Turkey,TUR,1921,0
Turkey,TUR,1922,0
Turkey,TUR,1923,0
Turkey,TUR,1924,0
Turkey,TUR,1925,0
Turkey,TUR,1926,0
Turkey,TUR,1927,0
Turkey,TUR,1928,0
Turkey,TUR,1929,0
Turkey,TUR,1930,0
Turkey,TUR,1931,0
Turkey,TUR,1932,0
Turkey,TUR,1933,0
Turkey,TUR,1934,0
Turkey,TUR,1935,0
Turkey,TUR,1936,0
Turkey,TUR,1937,0
Turkey,TUR,1938,0
Turkey,TUR,1939,0
Turkey,TUR,1940,0
Turkey,TUR,1941,0
Turkey,TUR,1942,0
Turkey,TUR,1943,0
Turkey,TUR,1944,0
Turkey,TUR,1945,0
Turkey,TUR,1946,0
Turkey,TUR,1947,0
Turkey,TUR,1948,0
Turkey,TUR,1949,0
Turkey,TUR,1950,0
Turkey,TUR,1951,0
Turkey,TUR,1952,0
Turkey,TUR,1953,0
Turkey,TUR,1954,0
Turkey,TUR,1955,0
Turkey,TUR,1956,0
Turkey,TUR,1957,0
Turkey,TUR,1958,0
Turkey,TUR,1959,0
Turkey,TUR,1960,0
Turkey,TUR,1961,0
Turkey,TUR,1962,0
Turkey,TUR,1963,0
Turkey,TUR,1964,0
Turkey,TUR,1965,0
Turkey,TUR,1966,0
Turkey,TUR,1967,0
Turkey,TUR,1968,0
Turkey,TUR,1969,0
Turkey,TUR,1970,0
Turkey,TUR,1971,0
Turkey,TUR,1972,0
Turkey,TUR,1973,0
Turkey,TUR,1974,0
Turkey,TUR,1975,0
Turkey,TUR,1976,0
Turkey,TUR,1977,0
Turkey,TUR,1978,0
Turkey,TUR,1979,0
Turkey,TUR,1980,0
Turkey,TUR,1981,0
Turkey,TUR,1982,0
Turkey,TUR,1983,0
Turkey,TUR,1984,0
Turkey,TUR,1985,0
Turkey,TUR,1986,0
Turkey,TUR,1987,0
Turkey,TUR,1988,0
Turkey,TUR,1989,0
Turkey,TUR,1990,0
Turkey,TUR,1991,0
Turkey,TUR,1992,0
Turkey,TUR,1993,0
Turkey,TUR,1994,0
Turkey,TUR,1995,1
Turkey,TUR,1996,1
Turkey,TUR,1997,1
Turkey,TUR,1998,1
Turkey,TUR,1999,1
Turkey,TUR,2000,1
Turkey,TUR,2001,1
Turkey,TUR,2002,5
Turkey,TUR,2003,7
Turkey,TUR,2004,5
Turkey,TUR,2005,4
Turkey,TUR,2006,8
Turkey,TUR,2007,10
Turkey,TUR,2008,11
Turkey,TUR,2009,14
Turkey,TUR,2010,16
Turkey,TUR,2011,23
Turkey,TUR,2012,28
Turkey,TUR,2013,34
Turkey,TUR,2014,32
Turkey,TUR,2015,25
UK,GBR,1681,0
UK,GBR,1682,0
UK,GBR,1683,0
UK,GBR,1684,0
UK,GBR,1685,0
UK,GBR,1686,0
UK,GBR,1687,0
UK,GBR,1688,0
UK,GBR,1689,0
UK,GBR,1690,0
UK,GBR,1691,0
UK,GBR,1692,0
UK,GBR,1693,0
UK,GBR,1694,0
UK,GBR,1695,0
UK,GBR,1696,0
UK,GBR,1697,0
UK,GBR,1698,0
UK,GBR,1699,0
UK,GBR,1700,0
UK,GBR,1701,0
UK,GBR,1702,0
UK,GBR,1703,0
UK,GBR,1704,0
UK,GBR,1705,0
UK,GBR,1706,0
UK,GBR,1707,0
UK,GBR,1708,0
UK,GBR,1709,0
UK,GBR,1710,0
UK,GBR,1711,0
UK,GBR,1712,0
UK,GBR,1713,0
UK,GBR,1714,0
UK,GBR,1715,0
UK,GBR,1716,0
UK,GBR,1717,0
UK,GBR,1718,0
UK,GBR,1719,0
UK,GBR,1720,0
UK,GBR,1721,0
UK,GBR,1722,0
UK,GBR,1723,0
UK,GBR,1724,0
UK,GBR,1725,0
UK,GBR,1726,0
UK,GBR,1727,0
UK,GBR,1728,0
UK,GBR,1729,0
UK,GBR,1730,0
UK,GBR,1731,0
UK,GBR,1732,0
UK,GBR,1733,0
UK,GBR,1734,0
UK,GBR,1735,0
UK,GBR,1736,0
UK,GBR,1737,0
UK,GBR,1738,0
UK,GBR,1739,0
UK,GBR,1740,0
UK,GBR,1741,0
UK,GBR,1742,0
UK,GBR,1743,0
UK,GBR,1744,0
UK,GBR,1745,0
UK,GBR,1746,0
UK,GBR,1747,0
UK,GBR,1748,0
UK,GBR,1749,0
UK,GBR,1750,0
UK,GBR,1751,0
UK,GBR,1752,0
UK,GBR,1753,0
UK,GBR,1754,0
UK,GBR,1755,0
UK,GBR,1756,0
UK,GBR,1757,0
UK,GBR,1758,0
UK,GBR,1759,0
UK,GBR,1760,0
UK,GBR,1761,0
UK,GBR,1762,0
UK,GBR,1763,0
UK,GBR,1764,0
UK,GBR,1765,0
UK,GBR,1766,0
UK,GBR,1767,0
UK,GBR,1768,0
UK,GBR,1769,0
UK,GBR,1770,0
UK,GBR,1771,0
UK,GBR,1772,0
UK,GBR,1773,0
UK,GBR,1774,0
UK,GBR,1775,0
UK,GBR,1776,0
UK,GBR,1777,0
UK,GBR,1778,0
UK,GBR,1779,0
UK,GBR,1780,0
UK,GBR,1781,0
UK,GBR,1782,0
UK,GBR,1783,0
UK,GBR,1784,0
UK,GBR,1785,0
UK,GBR,1786,0
UK,GBR,1787,0
UK,GBR,1788,0
UK,GBR,1789,0
UK,GBR,1790,0
UK,GBR,1791,0
UK,GBR,1792,0
UK,GBR,1793,0
UK,GBR,1794,0
UK,GBR,1795,0
UK,GBR,1796,0
UK,GBR,1797,0
UK,GBR,1798,0
UK,GBR,1799,0
UK,GBR,1800,0
UK,GBR,1801,0
UK,GBR,1802,0
UK,GBR,1803,0
UK,GBR,1804,0
UK,GBR,1805,0
UK,GBR,1806,0
UK,GBR,1807,0
UK,GBR,1808,0
UK,GBR,1809,0
UK,GBR,1810,0
UK,GBR,1811,0
UK,GBR,1812,0
UK,GBR,1813,0
UK,GBR,1814,0
UK,GBR,1815,0
UK,GBR,1816,0
UK,GBR,1817,0
UK,GBR,1818,0
UK,GBR,1819,0
UK,GBR,1820,0
UK,GBR,1821,0
UK,GBR,1822,0
UK,GBR,1823,0
UK,GBR,1824,0
UK,GBR,1825,0
UK,GBR,1826,0
UK,GBR,1827,0
UK,GBR,1828,0
UK,GBR,1829,0
UK,GBR,1830,0
UK,GBR,1831,0
UK,GBR,1832,0
UK,GBR,1833,0
UK,GBR,1834,0
UK,GBR,1835,0
UK,GBR,1836,0
UK,GBR,1837,0
UK,GBR,1838,0
UK,GBR,1839,0
UK,GBR,1840,0
UK,GBR,1841,0
UK,GBR,1842,0
UK,GBR,1843,0
UK,GBR,1844,0
UK,GBR,1845,0
UK,GBR,1846,0
UK,GBR,1847,0
UK,GBR,1848,0
UK,GBR,1849,0
UK,GBR,1850,0
UK,GBR,1851,0
UK,GBR,1852,0
UK,GBR,1853,0
UK,GBR,1854,0
UK,GBR,1855,0
UK,GBR,1856,0
UK,GBR,1857,0
UK,GBR,1858,0
UK,GBR,1859,0
UK,GBR,1860,0
UK,GBR,1861,0
UK,GBR,1862,0
UK,GBR,1863,0
UK,GBR,1864,0
UK,GBR,1865,0
UK,GBR,1866,0
UK,GBR,1867,0
UK,GBR,1868,0
UK,GBR,1869,0
UK,GBR,1870,0
UK,GBR,1871,0
UK,GBR,1872,0
UK,GBR,1873,0
UK,GBR,1874,0
UK,GBR,1875,0
UK,GBR,1876,0
UK,GBR,1877,0
UK,GBR,1878,0
UK,GBR,1879,0
UK,GBR,1880,0
UK,GBR,1881,0
UK,GBR,1882,0
UK,GBR,1883,0
UK,GBR,1884,0
UK,GBR,1885,0
UK,GBR,1886,0
UK,GBR,1887,0
UK,GBR,1888,0
UK,GBR,1889,0
UK,GBR,1890,0
UK,GBR,1891,0
UK,GBR,1892,0
UK,GBR,1893,0
UK,GBR,1894,0
UK,GBR,1895,0
UK,GBR,1896,0
UK,GBR,1897,0
UK,GBR,1898,0
UK,GBR,1899,0
UK,GBR,1900,0
UK,GBR,1901,0
UK,GBR,1902,0
UK,GBR,1903,0
UK,GBR,1904,0
UK,GBR,1905,0
UK,GBR,1906,0
UK,GBR,1907,0
UK,GBR,1908,0
UK,GBR,1909,0
UK,GBR,1910,0
UK,GBR,1911,0
UK,GBR,1912,0
UK,GBR,1913,0
UK,GBR,1914,0
UK,GBR,1915,0
UK,GBR,1916,0
UK,GBR,1917,0
UK,GBR,1918,0
UK,GBR,1919,0
UK,GBR,1920,0
UK,GBR,1921,0
UK,GBR,1922,0
UK,GBR,1923,0
UK,GBR,1924,0
UK,GBR,1925,0
UK,GBR,1926,0
UK,GBR,1927,0
UK,GBR,1928,0
UK,GBR,1929,0
UK,GBR,1930,0
UK,GBR,1931,0
UK,GBR,1932,0
UK,GBR,1933,0
UK,GBR,1934,0
UK,GBR,1935,0
UK,GBR,1936,0
UK,GBR,1937,0
UK,GBR,1938,0
UK,GBR,1939,0
UK,GBR,1940,0
UK,GBR,1941,0
UK,GBR,1942,0
UK,GBR,1943,0
UK,GBR,1944,0
UK,GBR,1945,0
UK,GBR,1946,0
UK,GBR,1947,0
UK,GBR,1948,0
UK,GBR,1949,0
UK,GBR,1950,0
UK,GBR,1951,0
UK,GBR,1952,0
UK,GBR,1953,0
UK,GBR,1954,0
UK,GBR,1955,0
UK,GBR,1956,0
UK,GBR,1957,0
UK,GBR,1958,0
UK,GBR,1959,0
UK,GBR,1960,0
UK,GBR,1961,0
UK,GBR,1962,0
UK,GBR,1963,0
UK,GBR,1964,0
UK,GBR,1965,0
UK,GBR,1966,0
UK,GBR,1967,0
UK,GBR,1968,0
UK,GBR,1969,0
UK,GBR,1970,0
UK,GBR,1971,0
UK,GBR,1972,0
UK,GBR,1973,0
UK,GBR,1974,0
UK,GBR,1975,0
UK,GBR,1976,0
UK,GBR,1977,0
UK,GBR,1978,0
UK,GBR,1979,0
UK,GBR,1980,0
UK,GBR,1981,0
UK,GBR,1982,0
UK,GBR,1983,0
UK,GBR,1984,0
UK,GBR,1985,0
UK,GBR,1986,0
UK,GBR,1987,0
UK,GBR,1988,0
UK,GBR,1989,0
UK,GBR,1990,0
UK,GBR,1991,0
UK,GBR,1992,0
UK,GBR,1993,0
UK,GBR,1994,0
UK,GBR,1995,0
UK,GBR,1996,0
UK,GBR,1997,0
UK,GBR,1998,0
UK,GBR,1999,0
UK,GBR,2000,0
UK,GBR,2001,0
UK,GBR,2002,0
UK,GBR,2003,0
UK,GBR,2004,0
UK,GBR,2005,0
UK,GBR,2006,0
UK,GBR,2007,0
UK,GBR,2008,0
UK,GBR,2009,0
UK,GBR,2010,0
UK,GBR,2011,0
UK,GBR,2012,0
UK,GBR,2013,0
UK,GBR,2014,0
UK,GBR,2015,0
USA,USA,1681,0
USA,USA,1682,0
USA,USA,1683,0
USA,USA,1684,0
USA,USA,1685,0
USA,USA,1686,0
USA,USA,1687,0
USA,USA,1688,0
USA,USA,1689,0
USA,USA,1690,0
USA,USA,1691,0
USA,USA,1692,0
USA,USA,1693,0
USA,USA,1694,0
USA,USA,1695,0
USA,USA,1696,0
USA,USA,1697,0
USA,USA,1698,0
USA,USA,1699,0
USA,USA,1700,0
USA,USA,1701,0
USA,USA,1702,0
USA,USA,1703,0
USA,USA,1704,0
USA,USA,1705,0
USA,USA,1706,0
USA,USA,1707,0
USA,USA,1708,0
USA,USA,1709,0
USA,USA,1710,0
USA,USA,1711,0
USA,USA,1712,0
USA,USA,1713,0
USA,USA,1714,0
USA,USA,1715,0
USA,USA,1716,0
USA,USA,1717,0
USA,USA,1718,0
USA,USA,1719,0
USA,USA,1720,0
USA,USA,1721,0
USA,USA,1722,0
USA,USA,1723,0
USA,USA,1724,0
USA,USA,1725,0
USA,USA,1726,0
USA,USA,1727,0
USA,USA,1728,0
USA,USA,1729,0
USA,USA,1730,0
USA,USA,1731,0
USA,USA,1732,0
USA,USA,1733,0
USA,USA,1734,0
USA,USA,1735,0
USA,USA,1736,0
USA,USA,1737,0
USA,USA,1738,0
USA,USA,1739,0
USA,USA,1740,0
USA,USA,1741,0
USA,USA,1742,0
USA,USA,1743,0
USA,USA,1744,0
USA,USA,1745,0
USA,USA,1746,0
USA,USA,1747,0
USA,USA,1748,0
USA,USA,1749,0
USA,USA,1750,0
USA,USA,1751,0
USA,USA,1752,0
USA,USA,1753,0
USA,USA,1754,0
USA,USA,1755,0
USA,USA,1756,0
USA,USA,1757,0
USA,USA,1758,0
USA,USA,1759,0
USA,USA,1760,0
USA,USA,1761,0
USA,USA,1762,0
USA,USA,1763,0
USA,USA,1764,0
USA,USA,1765,0
USA,USA,1766,0
USA,USA,1767,0
USA,USA,1768,0
USA,USA,1769,0
USA,USA,1770,0
USA,USA,1771,0
USA,USA,1772,0
USA,USA,1773,0
USA,USA,1774,0
USA,USA,1775,0
USA,USA,1776,0
USA,USA,1777,0
USA,USA,1778,0
USA,USA,1779,0
USA,USA,1780,0
USA,USA,1781,0
USA,USA,1782,0
USA,USA,1783,0
USA,USA,1784,0
USA,USA,1785,0
USA,USA,1786,0
USA,USA,1787,0
USA,USA,1788,0
USA,USA,1789,0
USA,USA,1790,0
USA,USA,1791,0
USA,USA,1792,0
USA,USA,1793,0
USA,USA,1794,0
USA,USA,1795,1
USA,USA,1796,1
USA,USA,1797,1
USA,USA,1798,1
USA,USA,1799,1
USA,USA,1800,1
USA,USA,1801,1
USA,USA,1802,1
USA,USA,1803,1
USA,USA,1804,1
USA,USA,1805,1
USA,USA,1806,1
USA,USA,1807,1
USA,USA,1808,1
USA,USA,1809,1
USA,USA,1810,1
USA,USA,1811,1
USA,USA,1812,1
USA,USA,1813,1
USA,USA,1814,1
USA,USA,1815,1
USA,USA,1816,1
USA,USA,1817,1
USA,USA,1818,1
USA,USA,1819,1
USA,USA,1820,1
USA,USA,1821,1
USA,USA,1822,1
USA,USA,1823,1
USA,USA,1824,1
USA,USA,1825,1
USA,USA,1826,1
USA,USA,1827,1
USA,USA,1828,1
USA,USA,1829,1
USA,USA,1830,1
USA,USA,1831,1
USA,USA,1832,1
USA,USA,1833,1
USA,USA,1834,1
USA,USA,1835,1
USA,USA,1836,1
USA,USA,1837,1
USA,USA,1838,1
USA,USA,1839,1
USA,USA,1840,1
USA,USA,1841,1
USA,USA,1842,1
USA,USA,1843,2
USA,USA,1844,2
USA,USA,1845,2
USA,USA,1846,2
USA,USA,1847,1
USA,USA,1848,15
USA,USA,1849,60
USA,USA,1850,75
USA,USA,1851,83
USA,USA,1852,90
USA,USA,1853,98
USA,USA,1854,90
USA,USA,1855,83
USA,USA,1856,83
USA,USA,1857,83
USA,USA,1858,75
USA,USA,1859,75
USA,USA,1860,69
USA,USA,1861,65
USA,USA,1862,59
USA,USA,1863,60
USA,USA,1864,69
USA,USA,1865,80
USA,USA,1866,80
USA,USA,1867,78
USA,USA,1868,72
USA,USA,1869,74
USA,USA,1870,75
USA,USA,1871,65
USA,USA,1872,54
USA,USA,1873,54
USA,USA,1874,50
USA,USA,1875,50
USA,USA,1876,60
USA,USA,1877,71
USA,USA,1878,77
USA,USA,1879,59
USA,USA,1880,54
USA,USA,1881,52
USA,USA,1882,49
USA,USA,1883,45
USA,USA,1884,46
USA,USA,1885,48
USA,USA,1886,52
USA,USA,1887,50
USA,USA,1888,50
USA,USA,1889,50
USA,USA,1890,49
USA,USA,1891,50
USA,USA,1892,50
USA,USA,1893,54
USA,USA,1894,59
USA,USA,1895,70
USA,USA,1896,80
USA,USA,1897,86
USA,USA,1898,97
USA,USA,1899,107
USA,USA,1900,119
USA,USA,1901,118
USA,USA,1902,120
USA,USA,1903,111
USA,USA,1904,122
USA,USA,1905,133
USA,USA,1906,146
USA,USA,1907,131
USA,USA,1908,138
USA,USA,1909,149
USA,USA,1910,142
USA,USA,1911,146
USA,USA,1912,139
USA,USA,1913,134
USA,USA,1914,137
USA,USA,1915,148
USA,USA,1916,137
USA,USA,1917,121
USA,USA,1918,100
USA,USA,1919,86
USA,USA,1920,74
USA,USA,1921,73
USA,USA,1922,71
USA,USA,1923,75
USA,USA,1924,76
USA,USA,1925,72
USA,USA,1926,69
USA,USA,1927,65
USA,USA,1928,67
USA,USA,1929,64
USA,USA,1930,67
USA,USA,1931,69
USA,USA,1932,71
USA,USA,1933,71
USA,USA,1934,86
USA,USA,1935,101
USA,USA,1936,118
USA,USA,1937,128
USA,USA,1938,133
USA,USA,1939,145
USA,USA,1940,152
USA,USA,1941,148
USA,USA,1942,108
USA,USA,1943,42
USA,USA,1944,31
USA,USA,1945,30
USA,USA,1946,49
USA,USA,1947,66
USA,USA,1948,63
USA,USA,1949,62
USA,USA,1950,75
USA,USA,1951,62
USA,USA,1952,59
USA,USA,1953,61
USA,USA,1954,57
USA,USA,1955,56
USA,USA,1956,57
USA,USA,1957,56
USA,USA,1958,54
USA,USA,1959,50
USA,USA,1960,52
USA,USA,1961,48
USA,USA,1962,48
USA,USA,1963,45
USA,USA,1964,45
USA,USA,1965,53
USA,USA,1966,56
USA,USA,1967,49
USA,USA,1968,46
USA,USA,1969,54
USA,USA,1970,54
USA,USA,1971,47
USA,USA,1972,50
USA,USA,1973,37
USA,USA,1974,35
USA,USA,1975,33
USA,USA,1976,33
USA,USA,1977,34
USA,USA,1978,31
USA,USA,1979,30
USA,USA,1980,30
USA,USA,1981,43
USA,USA,1982,46
USA,USA,1983,62
USA,USA,1984,65
USA,USA,1985,75
USA,USA,1986,116
USA,USA,1987,154
USA,USA,1988,201
USA,USA,1989,266
USA,USA,1990,294
USA,USA,1991,296
USA,USA,1992,329
USA,USA,1993,331
USA,USA,1994,326
USA,USA,1995,317
USA,USA,1996,326
USA,USA,1997,362
USA,USA,1998,366
USA,USA,1999,341
USA,USA,2000,353
USA,USA,2001,335
USA,USA,2002,298
USA,USA,2003,277
USA,USA,2004,258
USA,USA,2005,256
USA,USA,2006,252
USA,USA,2007,238
USA,USA,2008,233
USA,USA,2009,223
USA,USA,2010,231
USA,USA,2011,234
USA,USA,2012,235
USA,USA,2013,230
USA,USA,2014,210
USA,USA,2015,214
Vietnam,VNM,1681,0
Vietnam,VNM,1682,0
Vietnam,VNM,1683,0
Vietnam,VNM,1684,0
Vietnam,VNM,1685,0
Vietnam,VNM,1686,0
Vietnam,VNM,1687,0
Vietnam,VNM,1688,0
Vietnam,VNM,1689,0
Vietnam,VNM,1690,0
Vietnam,VNM,1691,0
Vietnam,VNM,1692,0
Vietnam,VNM,1693,0
Vietnam,VNM,1694,0
Vietnam,VNM,1695,0
Vietnam,VNM,1696,0
Vietnam,VNM,1697,0
Vietnam,VNM,1698,0
Vietnam,VNM,1699,0
Vietnam,VNM,1700,0
Vietnam,VNM,1701,0
Vietnam,VNM,1702,0
Vietnam,VNM,1703,0
Vietnam,VNM,1704,0
Vietnam,VNM,1705,0
Vietnam,VNM,1706,0
Vietnam,VNM,1707,0
Vietnam,VNM,1708,0
Vietnam,VNM,1709,0
Vietnam,VNM,1710,0
Vietnam,VNM,1711,0
Vietnam,VNM,1712,0
Vietnam,VNM,1713,0
Vietnam,VNM,1714,0
Vietnam,VNM,1715,0
Vietnam,VNM,1716,0
Vietnam,VNM,1717,0
Vietnam,VNM,1718,0
Vietnam,VNM,1719,0
Vietnam,VNM,1720,0
Vietnam,VNM,1721,0
Vietnam,VNM,1722,0
Vietnam,VNM,1723,0
Vietnam,VNM,1724,0
Vietnam,VNM,1725,0
Vietnam,VNM,1726,0
Vietnam,VNM,1727,0
Vietnam,VNM,1728,0
Vietnam,VNM,1729,0
Vietnam,VNM,1730,0
Vietnam,VNM,1731,0
Vietnam,VNM,1732,0
Vietnam,VNM,1733,0
Vietnam,VNM,1734,0
Vietnam,VNM,1735,0
Vietnam,VNM,1736,0
Vietnam,VNM,1737,0
Vietnam,VNM,1738,0
Vietnam,VNM,1739,0
Vietnam,VNM,1740,0
Vietnam,VNM,1741,0
Vietnam,VNM,1742,0
Vietnam,VNM,1743,0
Vietnam,VNM,1744,0
Vietnam,VNM,1745,0
Vietnam,VNM,1746,0
Vietnam,VNM,1747,0
Vietnam,VNM,1748,0
Vietnam,VNM,1749,0
Vietnam,VNM,1750,0
Vietnam,VNM,1751,0
Vietnam,VNM,1752,0
Vietnam,VNM,1753,0
Vietnam,VNM,1754,0
Vietnam,VNM,1755,0
Vietnam,VNM,1756,0
Vietnam,VNM,1757,0
Vietnam,VNM,1758,0
Vietnam,VNM,1759,0
Vietnam,VNM,1760,0
Vietnam,VNM,1761,0
Vietnam,VNM,1762,0
Vietnam,VNM,1763,0
Vietnam,VNM,1764,0
Vietnam,VNM,1765,0
Vietnam,VNM,1766,0
Vietnam,VNM,1767,0
Vietnam,VNM,1768,0
Vietnam,VNM,1769,0
Vietnam,VNM,1770,0
Vietnam,VNM,1771,0
Vietnam,VNM,1772,0
Vietnam,VNM,1773,0
Vietnam,VNM,1774,0
Vietnam,VNM,1775,0
Vietnam,VNM,1776,0
Vietnam,VNM,1777,0
Vietnam,VNM,1778,0
Vietnam,VNM,1779,0
Vietnam,VNM,1780,0
Vietnam,VNM,1781,0
Vietnam,VNM,1782,0
Vietnam,VNM,1783,0
Vietnam,VNM,1784,0
Vietnam,VNM,1785,0
Vietnam,VNM,1786,0
Vietnam,VNM,1787,0
Vietnam,VNM,1788,0
Vietnam,VNM,1789,0
Vietnam,VNM,1790,0
Vietnam,VNM,1791,0
Vietnam,VNM,1792,0
Vietnam,VNM,1793,0
Vietnam,VNM,1794,0
Vietnam,VNM,1795,0
Vietnam,VNM,1796,0
Vietnam,VNM,1797,0
Vietnam,VNM,1798,0
Vietnam,VNM,1799,0
Vietnam,VNM,1800,0
Vietnam,VNM,1801,0
Vietnam,VNM,1802,0
Vietnam,VNM,1803,0
Vietnam,VNM,1804,0
Vietnam,VNM,1805,0
Vietnam,VNM,1806,0
Vietnam,VNM,1807,0
Vietnam,VNM,1808,0
Vietnam,VNM,1809,0
Vietnam,VNM,1810,0
Vietnam,VNM,1811,0
Vietnam,VNM,1812,0
Vietnam,VNM,1813,0
Vietnam,VNM,1814,0
Vietnam,VNM,1815,0
Vietnam,VNM,1816,0
Vietnam,VNM,1817,0
Vietnam,VNM,1818,0
Vietnam,VNM,1819,0
Vietnam,VNM,1820,0
Vietnam,VNM,1821,0
Vietnam,VNM,1822,0
Vietnam,VNM,1823,0
Vietnam,VNM,1824,0
Vietnam,VNM,1825,0
Vietnam,VNM,1826,0
Vietnam,VNM,1827,0
Vietnam,VNM,1828,0
Vietnam,VNM,1829,0
Vietnam,VNM,1830,0
Vietnam,VNM,1831,0
Vietnam,VNM,1832,0
Vietnam,VNM,1833,0
Vietnam,VNM,1834,0
Vietnam,VNM,1835,0
Vietnam,VNM,1836,0
Vietnam,VNM,1837,0
Vietnam,VNM,1838,0
Vietnam,VNM,1839,0
Vietnam,VNM,1840,0
Vietnam,VNM,1841,0
Vietnam,VNM,1842,0
Vietnam,VNM,1843,0
Vietnam,VNM,1844,0
Vietnam,VNM,1845,0
Vietnam,VNM,1846,0
Vietnam,VNM,1847,0
Vietnam,VNM,1848,0
Vietnam,VNM,1849,0
Vietnam,VNM,1850,0
Vietnam,VNM,1851,0
Vietnam,VNM,1852,0
Vietnam,VNM,1853,0
Vietnam,VNM,1854,0
Vietnam,VNM,1855,0
Vietnam,VNM,1856,0
Vietnam,VNM,1857,0
Vietnam,VNM,1858,0
Vietnam,VNM,1859,0
Vietnam,VNM,1860,0
Vietnam,VNM,1861,0
Vietnam,VNM,1862,0
Vietnam,VNM,1863,0
Vietnam,VNM,1864,0
Vietnam,VNM,1865,0
Vietnam,VNM,1866,0
Vietnam,VNM,1867,0
Vietnam,VNM,1868,0
Vietnam,VNM,1869,0
Vietnam,VNM,1870,0
Vietnam,VNM,1871,0
Vietnam,VNM,1872,0
Vietnam,VNM,1873,0
Vietnam,VNM,1874,0
Vietnam,VNM,1875,0
Vietnam,VNM,1876,0
Vietnam,VNM,1877,0
Vietnam,VNM,1878,0
Vietnam,VNM,1879,0
Vietnam,VNM,1880,0
Vietnam,VNM,1881,0
Vietnam,VNM,1882,0
Vietnam,VNM,1883,0
Vietnam,VNM,1884,0
Vietnam,VNM,1885,0
Vietnam,VNM,1886,0
Vietnam,VNM,1887,0
Vietnam,VNM,1888,0
Vietnam,VNM,1889,0
Vietnam,VNM,1890,0
Vietnam,VNM,1891,0
Vietnam,VNM,1892,0
Vietnam,VNM,1893,0
Vietnam,VNM,1894,0
Vietnam,VNM,1895,0
Vietnam,VNM,1896,0
Vietnam,VNM,1897,0
Vietnam,VNM,1898,0
Vietnam,VNM,1899,0
Vietnam,VNM,1900,0
Vietnam,VNM,1901,0
Vietnam,VNM,1902,0
Vietnam,VNM,1903,0
Vietnam,VNM,1904,0
Vietnam,VNM,1905,0
Vietnam,VNM,1906,0
Vietnam,VNM,1907,0
Vietnam,VNM,1908,0
Vietnam,VNM,1909,0
Vietnam,VNM,1910,0
Vietnam,VNM,1911,0
Vietnam,VNM,1912,0
Vietnam,VNM,1913,0
Vietnam,VNM,1914,0
Vietnam,VNM,1915,0
Vietnam,VNM,1916,0
Vietnam,VNM,1917,0
Vietnam,VNM,1918,0
Vietnam,VNM,1919,0
Vietnam,VNM,1920,0
Vietnam,VNM,1921,0
Vietnam,VNM,1922,0
Vietnam,VNM,1923,0
Vietnam,VNM,1924,0
Vietnam,VNM,1925,0
Vietnam,VNM,1926,0
Vietnam,VNM,1927,0
Vietnam,VNM,1928,0
Vietnam,VNM,1929,0
Vietnam,VNM,1930,0
Vietnam,VNM,1931,0
Vietnam,VNM,1932,0
Vietnam,VNM,1933,0
Vietnam,VNM,1934,0
Vietnam,VNM,1935,0
Vietnam,VNM,1936,0
Vietnam,VNM,1937,0
Vietnam,VNM,1938,0
Vietnam,VNM,1939,0
Vietnam,VNM,1940,0
Vietnam,VNM,1941,0
Vietnam,VNM,1942,0
Vietnam,VNM,1943,0
Vietnam,VNM,1944,0
Vietnam,VNM,1945,0
Vietnam,VNM,1946,0
Vietnam,VNM,1947,0
Vietnam,VNM,1948,0
Vietnam,VNM,1949,0
Vietnam,VNM,1950,0
Vietnam,VNM,1951,0
Vietnam,VNM,1952,0
Vietnam,VNM,1953,0
Vietnam,VNM,1954,0
Vietnam,VNM,1955,0
Vietnam,VNM,1956,0
Vietnam,VNM,1957,0
Vietnam,VNM,1958,0
Vietnam,VNM,1959,0
Vietnam,VNM,1960,0
Vietnam,VNM,1961,0
Vietnam,VNM,1962,0
Vietnam,VNM,1963,0
Vietnam,VNM,1964,0
Vietnam,VNM,1965,0
Vietnam,VNM,1966,0
Vietnam,VNM,1967,0
Vietnam,VNM,1968,0
Vietnam,VNM,1969,0
Vietnam,VNM,1970,0
Vietnam,VNM,1971,0
Vietnam,VNM,1972,0
Vietnam,VNM,1973,0
Vietnam,VNM,1974,0
Vietnam,VNM,1975,0
Vietnam,VNM,1976,0
Vietnam,VNM,1977,0
Vietnam,VNM,1978,0
Vietnam,VNM,1979,0
Vietnam,VNM,1980,0
Vietnam,VNM,1981,0
Vietnam,VNM,1982,0
Vietnam,VNM,1983,0
Vietnam,VNM,1984,0
Vietnam,VNM,1985,0
Vietnam,VNM,1986,0
Vietnam,VNM,1987,0
Vietnam,VNM,1988,0
Vietnam,VNM,1989,0
Vietnam,VNM,1990,0
Vietnam,VNM,1991,0
Vietnam,VNM,1992,0
Vietnam,VNM,1993,0
Vietnam,VNM,1994,0
Vietnam,VNM,1995,0
Vietnam,VNM,1996,1
Vietnam,VNM,1997,1
Vietnam,VNM,1998,2
Vietnam,VNM,1999,2
Vietnam,VNM,2000,3
Vietnam,VNM,2001,3
Vietnam,VNM,2002,2
Vietnam,VNM,2003,2
Vietnam,VNM,2004,2
Vietnam,VNM,2005,3
Vietnam,VNM,2006,3
Vietnam,VNM,2007,3
Vietnam,VNM,2008,3
Vietnam,VNM,2009,3
Vietnam,VNM,2010,3
Vietnam,VNM,2011,3
Vietnam,VNM,2012,3
Vietnam,VNM,2013,2
Vietnam,VNM,2014,0
Vietnam,VNM,2015,0